07/10/2024;0:00:56.182;114,0;91,0;0,07;3,41;37,4;3,3;26,8;25;1188,0;0,084;-9,99;8,4
07/10/2024;0:02:41.224;123,0;88,2;14,64;3,41;44,6;104,8;23,8;14;1292,0;0,073;-9,99;10,0
07/10/2024;0:04:13.040;102,0;89,4;-9,78;1,86;29,0;224,8;21,8;15;1681,0;0,162;-9,99;13,9
07/10/2024;0:04:49.410;103,5;87,5;21,04;0,75;32,5;51,1;17,0;35;3370,0;0,079;-9,99;17,2
07/10/2024;0:07:42.691;117,0;94,4;-3,32;0,45;36,6;246,6;19,7;25;4102,0;0,071;22,56;19,4
07/10/2024;0:09:10.082;114,0;86,4;-4,95;1,56;41,1;121,4;17,2;25;2212,0;0,115;-9,99;12,6
07/10/2024;0:09:24.184;109,5;96,1;19,88;0,05;28,9;181,4;11,8;25;15761,0;0,064;-9,99;28,4
07/10/2024;0:09:24.181;108,0;94,7;19,82;0,32;28,9;181,3;13,5;25;5708,0;0,065;-9,99;20,1
07/10/2024;0:09:24.182;118,5;103,5;20,12;2,0;29,4;180,8;22,8;52;2174,0;0,066;-9,99;12,9
07/10/2024;0:12:01.870;109,5;86,4;-12,06;1,01;38,2;148,8;6,8;35;2662,0;0,148;-9,99;15,0
07/10/2024;0:18:00.136;103,5;82,8;-11,71;2,52;37,2;106,3;24,4;14;2473,0;0,104;-9,99;13,8
07/10/2024;0:18:40.166;100,5;84,4;-21,75;2,18;33,1;146,8;25,6;23;1715,0;0,119;-9,99;11,4
07/10/2024;0:20:22.424;123,0;86,3;-14,14;1,37;45,9;109,8;15,6;24;2241,0;0,184;-9,99;12,5
07/10/2024;0:36:19.822;121,5;84,0;-13,92;0,02;46,6;161,8;14,8;15;17727,0;0,143;20,57;27,0
07/10/2024;0:36:19.806;127,5;87,8;-13,93;1,37;46,9;161,6;20,2;15;2765,0;0,126;-9,99;11,6
07/10/2024;0:36:19.843;112,5;77,4;-13,72;1,21;46,9;161,4;16,4;15;2629,0;0,13;-9,99;11,8
07/10/2024;0:36:19.850;124,5;85,9;-13,75;1,25;46,8;161,6;17,1;51;2814,0;0,131;-9,99;11,7
07/10/2024;0:36:51.427;112,5;79,3;19,42;1,4;45,6;75,7;16,1;14;3489,0;0,063;-9,99;15,5
07/10/2024;0:39:24.750;127,5;81,9;-25,88;8,07;50,5;32,6;30,9;52;1034,0;0,061;-9,99;3,8
07/10/2024;0:40:56.810;121,5;88,0;19,97;0,85;43,9;109,8;21,0;23;4294,0;0,099;-9,99;17,1
07/10/2024;0:46:23.027;105,0;75,8;8,0;1,83;44,1;240,4;16,7;54;2407,0;0,071;-9,99;10,4
07/10/2024;0:51:21.861;126,0;99,2;-18,86;0,22;38,4;128,2;13,1;31;9710,0;0,043;-9,99;21,5
07/10/2024;0:52:07.654;103,5;86,3;-5,56;0,69;33,7;209,7;26,6;51;5513,0;0,063;-9,99;19,6
07/10/2024;0:56:01.077;117,0;91,5;31,63;0,55;38,9;122,7;17,5;31;5306,0;0,196;-9,99;20,1
07/10/2024;0:57:28.994;102,0;65,3;-20,11;2,68;50,5;240,4;38,7;14;4379,0;0,054;-9,99;20,4
07/10/2024;0:59:09.467;106,5;88,9;5,28;0,87;33,6;99,3;18,1;15;2442,0;0,215;-9,99;12,5
07/10/2024;0:59:09.446;109,5;91,4;4,86;0,83;33,7;99,2;18,0;15;2403,0;0,212;-9,99;12,3
07/10/2024;0:59:09.450;100,5;83,8;5,31;0,85;33,8;99,2;18,2;51;2512,0;0,224;-9,99;12,1
07/10/2024;1:05:46.726;106,5;86,1;-4,58;0,27;36,4;81,0;17,0;13;6780,0;0,106;-9,99;18,8
07/10/2024;1:08:38.059;100,5;93,0;27,73;5,07;22,4;260,7;25,3;24;2379,0;0,098;-9,99;11,4
07/10/2024;1:09:54.947;111,0;90,5;13,23;4,2;35,7;149,9;17,4;31;2191,0;0,056;-9,99;12,4
07/10/2024;1:11:59.450;124,5;95,3;-3,96;0,08;40,4;164,0;12,9;25;17744,0;0,056;30,66;26,3
07/10/2024;1:13:51.506;129,0;92,2;10,96;0,29;44,8;151,0;8,3;51;10544,0;0,055;-9,99;24,0
07/10/2024;1:14:12.970;129,0;89,8;-19,84;2,69;46,3;197,1;29,9;31;2666,0;0,11;-9,99;11,7
07/10/2024;1:17:10.222;120,0;90,4;45,06;1,07;41,5;109,2;20,8;31;7468,0;0,042;-9,99;19,7
07/10/2024;1:17:41.354;120,0;101,5;-12,57;0,5;32,5;184,0;14,2;51;4294,0;0,118;-9,99;14,1
07/10/2024;1:17:41.354;105,0;88,8;-12,68;0,67;32,5;184,0;12,5;15;4632,0;0,117;-9,99;15,1
07/10/2024;1:19:45.339;109,5;84,5;-5,35;0,77;39,8;181,6;18,2;51;5557,0;0,117;-9,99;18,3
07/10/2024;1:24:50.898;114,0;78,5;28,86;3,67;46,9;209,7;35,6;25;2529,0;0,067;-9,99;11,1
07/10/2024;1:25:08.085;114,0;75,9;-14,74;6,19;48,6;207,8;33,5;41;2880,0;0,08;-9,99;11,6
07/10/2024;1:25:13.693;103,5;90,4;-1,1;5,98;29,4;183,9;36,8;31;3433,0;0,069;-9,99;13,9
07/10/2024;1:28:33.051;115,5;96,5;5,77;1,81;33,6;280,8;21,5;42;5701,0;0,048;-9,99;18,6
07/10/2024;1:34:14.898;103,5;80,6;-0,34;0,78;39,2;77,8;18,3;31;5632,0;0,07;-9,99;18,0
07/10/2024;1:36:31.949;109,5;86,3;20,14;0,2;38,3;327,1;9,4;15;6194,0;0,265;-9,99;19,1
07/10/2024;1:37:31.864;121,5;92,2;5,8;2,0;41,0;137,9;16,6;51;5756,0;0,055;-9,99;18,5
07/10/2024;1:39:32.946;123,0;97,7;14,03;0,27;37,7;227,9;13,8;25;11104,0;0,034;-9,99;24,6
07/10/2024;1:45:36.952;102,0;95,1;-14,32;0,02;21,3;241,6;26,1;15;25912,0;0,383;32,27;28,8
07/10/2024;1:47:05.040;100,5;83,6;1,47;2,71;34,0;81,2;21,0;31;4899,0;0,057;-9,99;18,1
07/10/2024;1:47:59.421;118,5;88,0;-19,84;0,58;42,4;231,7;26,4;25;7747,0;0,119;15,71;20,6
07/10/2024;1:48:37.762;111,0;92,9;-5,47;1,46;33,5;282,6;19,4;24;5176,0;0,062;-9,99;18,0
07/10/2024;1:51:02.104;112,5;94,4;-3,86;12,74;33,3;263,3;25,5;25;1098,0;0,001;-9,99;5,0
07/10/2024;1:51:09.658;114,0;83,5;-17,49;1,31;43,2;166,3;23,8;13;2940,0;0,228;-9,99;11,8
07/10/2024;1:51:09.653;112,5;82,5;-17,14;0,83;43,2;166,5;19,9;13;3746,0;0,18;-9,99;14,1
07/10/2024;1:51:43.245;100,5;67,0;-9,91;5,22;48,5;252,1;37,7;45;4129,0;0,03;-9,99;18,2
07/10/2024;1:51:53.216;102,0;91,9;-21,71;2,58;25,9;212,1;29,1;35;3332,0;0,107;-9,99;14,5
07/10/2024;1:52:09.629;118,5;88,5;11,87;0,76;42,1;310,2;14,5;53;7092,0;0,056;-9,99;20,8
07/10/2024;1:53:49.181;109,5;93,2;-8,96;11,21;32,0;266,4;29,4;42;1104,0;0,015;-9,99;1,3
07/10/2024;1:53:49.560;108,0;82,2;-13,83;0,34;40,8;146,3;7,7;15;6114,0;0,287;-9,99;17,6
07/10/2024;1:57:09.533;106,5;85,5;8,19;5,93;36,9;41,0;36,5;24;2375,0;0,12;-9,99;10,5
07/10/2024;1:58:44.917;108,0;89,1;-31,24;6,51;34,7;205,2;37,1;13;2172,0;0,005;-9,99;9,1
07/10/2024;2:00:39.998;108,0;92,6;-5,61;0,24;31,2;236,7;16,0;25;8588,0;0,066;-9,99;22,4
07/10/2024;2:00:39.981;109,5;93,6;-4,58;2,0;31,5;236,8;15,3;25;3177,0;0,068;-9,99;13,3
07/10/2024;2:01:16.997;114,0;83,2;-23,96;1,55;43,5;170,5;20,0;31;2880,0;0,205;-9,99;11,9
07/10/2024;2:20:32.683;111,0;111,0;45,13;4,24;0,3;226,1;24,8;14;4734,0;0,024;-9,99;15,3
07/10/2024;2:20:34.565;117,0;83,9;-7,25;3,15;44,5;118,1;32,2;35;2215,0;0,186;-9,99;9,0
07/10/2024;2:21:23.120;103,5;94,9;-8,33;0,22;23,6;163,4;16,5;15;21323,0;0,034;-9,99;27,3
07/10/2024;2:23:21.059;103,5;103,4;12,53;7,51;2,7;144,0;39,2;13;2531,0;0,051;-9,99;13,6
07/10/2024;2:23:38.282;115,5;108,0;-20,93;7,69;21,0;97,3;37,2;14;1754,0;0,077;-9,99;9,4
07/10/2024;2:29:06.899;112,5;83,3;-4,91;2,25;42,6;119,0;25,2;14;3539,0;0,144;-9,99;13,6
07/10/2024;2:37:30.669;129,0;87,4;-13,92;0,09;47,8;162,8;17,1;52;11899,0;0,124;30,28;22,4
07/10/2024;2:43:48.547;109,5;92,4;9,35;8,72;32,7;263,8;35,7;25;1099,0;0,014;-9,99;2,7
07/10/2024;2:44:40.011;102,0;90,3;-8,05;3,67;27,9;301,3;38,4;45;4112,0;0,041;-9,99;19,8
07/10/2024;2:49:49.995;106,5;84,8;-9,84;0,38;37,5;184,2;19,9;51;6817,0;0,142;-9,99;19,7
07/10/2024;2:53:15.210;115,5;87,8;27,4;2,13;40,9;134,0;21,1;13;5367,0;0,075;-9,99;18,3
07/10/2024;2:54:32.309;111,0;92,0;13,19;0,14;34,3;182,7;14,2;25;16479,0;0,044;-9,99;25,5
07/10/2024;2:56:25.480;102,0;88,5;-0,23;6,69;30,0;316,8;35,5;42;1651,0;0,251;-9,99;11,2
07/10/2024;2:57:36.019;121,5;79,0;-26,85;0,68;49,9;122,6;15,8;25;5122,0;0,089;-9,99;17,2
07/10/2024;2:57:50.646;118,5;89,3;-11,26;0,16;41,5;258,5;16,9;25;7841,0;0,188;15,54;21,8
07/10/2024;2:59:07.469;112,5;101,9;84,89;0,98;25,3;194,9;18,7;25;11707,0;0,01;-9,99;26,4
07/10/2024;3:00:46.261;103,5;78,3;16,75;2,4;41,1;181,5;19,8;51;3679,0;0,059;-9,99;13,7
07/10/2024;3:01:24.701;100,5;88,8;12,57;4,24;28,2;126,6;38,2;25;2420,0;0,097;-9,99;12,3
07/10/2024;3:01:28.610;118,5;88,4;15,68;0,03;42,1;140,4;8,4;15;15822,0;0,217;-9,99;27,2
07/10/2024;3:01:28.584;115,5;86,2;15,46;0,93;42,1;140,4;12,5;51;2615,0;0,228;-9,99;11,4
07/10/2024;3:01:28.541;127,5;95,1;15,64;1,07;42,1;140,3;10,6;51;2263,0;0,23;-9,99;10,8
07/10/2024;3:01:28.586;112,5;83,9;15,31;0,91;42,1;140,4;12,1;15;2470,0;0,218;-9,99;11,7
07/10/2024;3:01:51.744;118,5;87,7;23,05;0,31;42,6;140,6;7,5;51;9882,0;0,086;39,89;22,0
07/10/2024;3:01:52.896;115,5;80,3;3,29;0,8;46,3;119,8;13,8;41;3733,0;0,08;-9,99;13,2
07/10/2024;3:03:11.290;129,0;82,9;-3,09;1,89;50,5;188,1;19,0;14;3492,0;0,126;-9,99;13,2
07/10/2024;3:07:43.091;112,5;89,7;-3,36;2,68;37,4;251,4;32,6;31;4288,0;0,048;-9,99;16,6
07/10/2024;3:08:31.888;105,0;90,8;7,48;0,31;30,4;216,3;15,7;15;10500,0;0,061;-9,99;23,4
07/10/2024;3:12:11.592;117,0;95,0;-3,26;6,17;36,1;156,2;21,4;24;2912,0;0,038;-9,99;11,6
07/10/2024;3:12:26.098;109,5;89,2;0,94;10,35;35,8;153,9;37,0;51;1087,0;0,102;-9,99;4,4
07/10/2024;3:13:20.971;106,5;89,5;14,1;0,11;33,1;157,7;14,6;52;11072,0;0,079;-9,99;22,9
07/10/2024;3:13:20.973;108,0;90,7;14,08;0,53;33,1;157,8;14,5;24;5028,0;0,079;-9,99;16,9
07/10/2024;3:17:24.826;100,5;89,1;14,62;0,48;27,8;145,5;12,5;24;10196,0;0,082;30,43;23,5
07/10/2024;3:21:51.667;129,0;90,5;0,6;0,7;45,9;194,2;10,3;25;6407,0;0,076;-9,99;19,0
07/10/2024;3:22:44.630;117,0;89,6;10,65;1,29;40,4;164,6;17,7;25;5024,0;0,07;-9,99;16,4
07/10/2024;3:27:35.949;100,5;73,7;19,32;1,31;43,2;36,5;10,5;41;5071,0;0,052;-9,99;16,0
07/10/2024;3:28:22.035;121,5;97,1;-18,76;0,13;37,2;190,6;18,0;52;11432,0;0,116;31,59;23,7
07/10/2024;3:28:22.037;123,0;98,2;-18,98;1,78;37,3;190,7;17,4;15;3086,0;0,128;-9,99;10,9
07/10/2024;3:31:02.101;112,5;83,1;-9,2;0,34;42,7;243,0;23,7;25;4902,0;0,132;19,4;17,7
07/10/2024;3:31:57.114;114,0;84,6;28,8;0,17;42,4;129,7;14,3;25;8708,0;0,16;19,39;23,1
07/10/2024;3:33:05.205;102,0;86,8;0,47;1,1;31,9;212,0;25,4;51;4391,0;0,149;-9,99;18,2
07/10/2024;3:33:50.514;114,0;79,2;-21,93;0,05;46,4;130,5;13,6;25;14705,0;0,209;-9,99;28,3
07/10/2024;3:33:50.542;105,0;73,0;-21,77;3,05;46,3;130,6;25,3;25;2248,0;0,203;-9,99;9,8
07/10/2024;3:33:50.478;120,0;83,4;-22,1;2,16;46,4;130,4;20,8;52;2357,0;0,217;-9,99;11,9
07/10/2024;3:36:39.994;106,5;95,9;12,43;2,51;25,9;172,7;33,6;13;5849,0;0,02;-9,99;18,2
07/10/2024;3:36:53.014;106,5;89,0;-18,11;5,55;33,6;194,3;28,0;13;2229,0;0,119;-9,99;9,2
07/10/2024;3:37:27.666;111,0;89,3;13,87;1,14;36,7;159,1;16,7;24;5789,0;0,051;-9,99;18,6
07/10/2024;3:39:25.373;126,0;54,4;-1,04;4,96;64,9;182,5;25,8;23;1183,0;0,085;-9,99;6,3
07/10/2024;3:42:15.555;111,0;82,5;18,7;0,32;42,4;149,3;6,9;15;7343,0;0,237;28,09;19,8
07/10/2024;3:42:38.330;115,5;81,0;-5,41;0,97;45,9;161,9;18,5;25;3678,0;0,112;-9,99;14,8
07/10/2024;3:43:11.075;103,5;83,9;-12,95;1,47;36,1;295,3;18,8;31;5607,0;0,039;-9,99;20,7
07/10/2024;3:44:37.994;102,0;89,9;1,2;4,18;28,5;226,9;40,0;24;1839,0;0,063;-9,99;8,2
07/10/2024;3:45:25.346;108,0;85,3;27,95;0,08;38,1;162,9;12,3;25;10638,0;0,156;36,06;24,3
07/10/2024;3:45:25.346;108,0;85,3;27,95;0,08;38,1;162,9;12,3;25;10639,0;0,157;36,06;24,3
07/10/2024;3:46:16.474;106,5;88,1;-29,17;3,42;34,4;225,1;27,6;35;2699,0;0,079;-9,99;13,6
07/10/2024;3:47:43.757;100,5;85,7;17,32;2,41;31,7;195,0;15,2;13;3568,0;0,137;-9,99;14,6
07/10/2024;3:48:39.522;108,0;91,1;-18,95;0,17;32,7;270,0;13,8;25;9628,0;0,144;25,93;25,8
07/10/2024;3:48:39.518;114,0;96,3;-19,16;5,74;32,6;268,9;31,7;24;1601,0;0,155;-9,99;9,3
07/10/2024;3:48:39.522;102,0;86,0;-18,83;6,53;32,8;268,8;31,1;24;1391,0;0,156;-9,99;9,1
07/10/2024;3:50:31.443;112,5;90,2;-25,4;4,42;37,0;199,1;20,8;32;2017,0;0,104;-9,99;9,9
07/10/2024;3:51:15.854;118,5;101,0;60,76;0,31;31,8;175,4;12,5;25;11486,0;0,035;-9,99;24,6
07/10/2024;3:59:07.973;124,5;96,4;-19,83;0,58;39,6;297,3;13,0;25;4010,0;0,065;-9,99;21,9
07/10/2024;3:59:56.944;123,0;83,2;17,34;2,57;47,9;195,7;26,5;45;2569,0;0,207;-9,99;12,2
07/10/2024;3:59:56.944;123,0;83,2;17,35;2,57;47,9;195,7;26,6;45;2567,0;0,207;-9,99;11,8
07/10/2024;4:00:06.915;118,5;87,1;13,67;2,44;43,1;139,9;13,2;24;2261,0;0,185;-9,99;10,8
07/10/2024;4:00:42.405;105,0;85,8;20,86;1,99;35,5;123,0;21,2;15;3426,0;0,116;-9,99;14,8
07/10/2024;4:00:46.557;115,5;79,7;7,21;0,71;46,7;225,1;28,9;25;4119,0;0,124;-9,99;17,0
07/10/2024;4:00:50.011;111,0;80,7;-0,63;0,55;43,7;163,4;16,3;13;5724,0;0,106;-9,99;19,6
07/10/2024;4:01:19.816;100,5;89,2;14,27;0,48;27,6;161,4;13,2;52;8316,0;0,075;-9,99;23,1
07/10/2024;4:02:53.504;108,0;82,9;23,42;3,54;40,1;95,0;19,7;23;1381,0;0,264;-9,99;8,8
07/10/2024;4:03:54.275;109,5;79,4;-8,61;7,16;43,9;127,3;38,3;45;2682,0;0,296;-9,99;11,8
07/10/2024;4:03:58.866;102,0;89,8;-6,38;3,24;28,5;214,4;32,6;51;2659,0;0,097;-9,99;11,6
07/10/2024;4:04:25.206;127,5;88,5;-4,65;3,28;46,5;197,7;33,6;45;2273,0;0,094;-9,99;12,0
07/10/2024;4:05:00.408;108,0;97,9;-8,8;2,66;25,2;218,6;34,0;15;3995,0;0,026;-9,99;21,8
07/10/2024;4:07:21.680;120,0;93,9;-2,9;1,32;38,9;340,3;13,1;24;4438,0;0,058;-9,99;17,7
07/10/2024;4:07:29.157;103,5;90,4;-9,22;0,73;29,3;311,2;15,2;25;6077,0;0,087;-9,99;20,5
07/10/2024;4:09:38.968;105,0;84,5;-0,73;1,77;36,7;270,5;18,3;15;4786,0;0,058;-9,99;17,0
07/10/2024;4:09:57.808;108,0;84,4;35,24;4,46;38,9;148,1;27,7;31;2459,0;0,229;-9,99;10,7
07/10/2024;4:11:04.814;109,5;90,5;-13,5;5,25;34,5;258,7;27,8;25;2785,0;0,03;-9,99;14,6
07/10/2024;4:11:59.075;117,0;98,1;-14,12;1,38;33,4;270,2;12,4;24;5574,0;0,041;-9,99;20,7
07/10/2024;4:11:59.274;118,5;91,4;-0,99;0,51;39,8;152,9;10,3;15;10173,0;0,037;-9,99;22,3
07/10/2024;4:12:49.637;117,0;88,5;-20,86;0,89;41,2;202,6;25,3;15;4946,0;0,076;-9,99;16,9
07/10/2024;4:12:49.640;115,5;87,1;-19,69;2,87;41,4;202,7;36,4;51;2952,0;0,071;-9,99;13,4
07/10/2024;4:15:02.544;100,5;83,9;-8,58;0,82;33,6;324,4;13,6;25;6289,0;0,219;-9,99;21,4
07/10/2024;4:17:36.453;129,0;89,0;25,84;0,34;46,8;152,6;9,7;25;12222,0;0,047;40,86;25,7
07/10/2024;4:18:02.418;124,5;88,2;-31,86;0,51;45,3;307,9;9,0;15;9086,0;0,059;-9,99;23,6
07/10/2024;4:18:03.090;126,0;84,1;32,21;1,94;48,6;173,6;22,7;31;4042,0;0,122;-9,99;15,0
07/10/2024;4:22:53.307;103,5;87,6;-22,74;2,02;32,5;238,1;14,9;51;3738,0;0,088;-9,99;16,4
07/10/2024;4:24:00.776;108,0;82,1;20,12;0,03;40,8;166,1;14,5;25;11970,0;0,266;-9,99;24,8
07/10/2024;4:24:00.770;109,5;83,2;19,79;0,39;40,9;166,2;15,6;25;3663,0;0,266;-9,99;14,4
07/10/2024;4:25:43.858;121,5;87,5;41,02;0,46;44,3;132,2;11,4;23;6581,0;0,083;-9,99;19,8
07/10/2024;4:26:49.944;127,5;83,7;21,91;0,06;49,4;171,5;10,4;42;9417,0;0,359;-9,99;22,3
07/10/2024;4:26:49.888;121,5;79,6;21,21;2,07;49,5;171,3;23,1;31;1592,0;0,304;-9,99;6,7
07/10/2024;4:27:27.408;114,0;89,4;-24,94;0,43;38,7;268,2;12,5;25;7309,0;0,089;-9,99;22,2
07/10/2024;4:27:53.962;124,5;98,4;0,47;0,45;38,1;214,0;23,5;51;7848,0;0,041;29,98;22,0
07/10/2024;4:30:51.430;111,0;90,1;9,27;0,96;36,1;137,8;16,9;31;8650,0;0,04;-9,99;21,4
07/10/2024;4:31:53.942;126,0;86,4;-10,13;2,4;47,1;174,0;24,2;31;4649,0;0,104;-9,99;16,1
07/10/2024;4:34:16.470;121,5;87,3;21,25;0,73;44,4;118,0;18,0;15;6914,0;0,061;-9,99;18,8
07/10/2024;4:34:23.434;115,5;87,2;8,35;1,22;41,3;159,8;15,8;15;5965,0;0,065;-9,99;16,3
07/10/2024;4:36:17.280;129,0;100,2;57,8;1,45;39,4;279,9;12,6;14;5170,0;0,041;-9,99;21,0
07/10/2024;4:38:56.662;117,0;83,8;-19,15;4,17;44,6;35,9;29,2;13;1419,0;0,42;-9,99;3,9
07/10/2024;4:39:44.194;108,0;82,6;8,99;0,58;40,4;186,1;18,7;25;6287,0;0,238;-9,99;15,2
07/10/2024;4:43:29.392;114,0;93,5;4,83;0,56;35,2;241,0;18,7;15;12620,0;0,068;28,69;21,6
07/10/2024;4:45:03.946;112,5;93,4;-0,22;2,02;34,2;158,5;20,8;42;11063,0;0,047;-9,99;19,7
07/10/2024;4:53:40.523;114,0;90,3;-17,19;0,45;37,9;320,5;12,0;14;5487,0;0,63;28,69;18,8
07/10/2024;4:54:03.843;105,0;83,9;-7,15;1,61;37,2;313,4;18,2;25;4452,0;0,159;-9,99;15,5
07/10/2024;4:58:04.344;109,5;87,6;-32,63;4,58;37,1;260,7;36,1;42;6036,0;0,059;-9,99;18,5
07/10/2024;4:58:15.443;114,0;89,9;-30,58;0,17;38,3;266,3;13,5;25;10984,0;0,298;28,3;25,5
07/10/2024;5:04:10.355;106,5;90,9;15,58;0,5;31,6;190,0;13,0;25;11794,0;0,096;35,73;23,2
07/10/2024;5:06:42.355;115,5;84,8;-0,85;0,82;43,1;170,9;15,0;14;9903,0;0,081;-9,99;18,9
07/10/2024;5:08:21.349;117,0;96,8;10,84;7,06;34,5;72,1;39,5;25;1595,0;0,289;-9,99;7,6
07/10/2024;5:10:08.077;126,0;76,3;0,53;12,05;53,2;202,5;36,1;13;2091,0;0,002;-9,99;9,1
07/10/2024;5:15:32.544;106,5;92,2;-13,91;0,89;30,3;267,6;19,0;51;7436,0;0,12;-9,99;22,8
07/10/2024;5:17:25.088;112,5;98,1;-3,01;1,13;29,5;301,3;19,0;25;1893,0;0,214;-9,99;5,0
07/10/2024;5:17:25.795;112,5;98,2;-3,53;0,76;29,4;301,4;17,3;25;3004,0;0,399;-9,99;8,9
07/10/2024;5:26:37.570;105,0;81,7;17,84;1,01;39,2;152,7;15,5;31;3485,0;0,148;-9,99;14,9
07/10/2024;5:27:25.768;121,5;76,5;-9,87;0,28;51,4;119,5;14,1;15;5046,0;0,207;-9,99;19,2
07/10/2024;5:28:25.701;126,0;96,1;14,95;1,23;40,7;194,2;17,0;31;1819,0;0,081;-9,99;9,4
07/10/2024;5:29:38.946;121,5;95,5;34,35;1,73;38,5;154,3;20,6;13;2852,0;0,046;-9,99;14,1
07/10/2024;5:32:07.187;102,0;89,4;-12,69;1,65;29,0;234,2;19,4;25;3029,0;0,046;-9,99;17,3
07/10/2024;5:32:29.064;117,0;78,2;-18,35;0,28;48,5;147,9;5,6;23;4338,0;0,239;16,43;18,7
07/10/2024;5:33:29.117;106,5;93,1;23,31;0,2;29,3;151,6;18,5;15;15352,0;0,024;-9,99;28,5
07/10/2024;5:33:33.923;124,5;86,5;-9,96;1,1;46,4;207,6;23,2;15;4696,0;0,039;-9,99;18,3
07/10/2024;5:33:35.232;127,5;90,8;-52,82;1,73;45,0;285,5;13,3;25;2597,0;0,077;-9,99;15,7
07/10/2024;5:35:02.669;103,5;95,5;-10,82;0,26;22,8;228,9;26,7;15;9586,0;0,041;38,35;24,9
07/10/2024;5:37:16.096;127,5;88,4;23,93;3,55;46,5;156,8;37,4;14;1388,0;0,104;-9,99;9,0
07/10/2024;5:38:13.843;108,0;92,9;-7,22;4,5;30,9;100,3;34,0;24;2102,0;0,035;-9,99;15,5
07/10/2024;5:39:48.693;112,5;85,8;18,28;2,69;40,6;138,6;30,5;31;2614,0;0,174;-9,99;12,8
07/10/2024;5:46:48.858;118,5;90,8;-31,76;0,68;40,3;323,2;6,7;25;3463,0;0,175;-9,99;18,2
07/10/2024;5:47:32.814;124,5;98,3;40,84;1,11;38,2;194,7;15,5;14;5183,0;0,044;-9,99;20,9
07/10/2024;5:47:38.011;117,0;83,8;1,48;1,78;44,6;14,2;14,1;15;2508,0;0,07;-9,99;11,4
07/10/2024;5:48:11.451;123,0;91,3;-0,47;0,33;42,4;219,1;21,3;25;7039,0;0,066;-9,99;22,0
07/10/2024;5:48:30.987;106,5;97,8;46,68;1,53;23,5;228,2;26,9;15;8097,0;0,01;-9,99;25,6
07/10/2024;5:50:06.723;108,0;95,4;-4,62;0,27;28,2;216,4;20,1;15;13145,0;0,028;-9,99;27,5
07/10/2024;5:52:31.811;103,5;86,9;10,42;1,71;33,1;163,9;21,2;24;2110,0;0,153;-9,99;10,6
07/10/2024;5:52:47.715;108,0;76,7;-4,41;6,19;45,1;136,5;38,9;53;1162,0;0,152;-9,99;8,5
07/10/2024;5:53:00.136;109,5;90,4;2,13;1,65;34,7;167,0;17,7;25;2754,0;0,073;-9,99;14,9
07/10/2024;5:53:39.131;127,5;86,2;-4,37;0,21;47,9;231,6;22,3;15;5932,0;0,09;-9,99;20,9
07/10/2024;5:54:14.872;126,0;90,8;14,98;5,49;44,3;137,5;36,8;13;1563,0;0,064;-9,99;10,5
07/10/2024;5:56:08.939;121,5;96,2;2,18;0,24;38,0;323,4;10,4;25;6624,0;0,082;30,95;21,7
07/10/2024;5:59:15.266;103,5;83,2;64,19;1,0;36,8;179,1;33,8;25;8568,0;0,016;-9,99;25,7
07/10/2024;6:01:36.800;126,0;89,0;20,15;0,81;45,5;197,3;17,5;13;5039,0;0,07;-9,99;17,2
07/10/2024;6:01:47.278;123,0;81,4;32,26;4,22;49,0;157,3;33,1;14;1362,0;0,073;-9,99;9,0
07/10/2024;6:03:06.957;105,0;90,7;-1,59;0,32;30,5;226,7;25,7;52;10760,0;0,034;37,55;26,8
07/10/2024;6:04:22.693;109,5;85,8;8,85;1,06;38,7;202,5;19,5;15;2257,0;0,058;-9,99;12,8
07/10/2024;6:04:41.398;115,5;99,7;42,69;1,6;30,6;287,2;11,6;24;3657,0;0,046;-9,99;20,0
07/10/2024;6:05:48.794;124,5;90,9;15,73;0,3;43,5;176,7;13,8;24;8730,0;0,048;36,23;23,4
07/10/2024;6:05:48.792;126,0;92,3;15,77;4,23;43,3;176,4;36,7;24;2360,0;0,052;-9,99;12,0
07/10/2024;6:05:56.314;120,0;81,9;0,7;0,37;47,4;162,3;15,8;15;5452,0;0,078;26,09;19,4
07/10/2024;6:06:50.555;127,5;96,1;-1,91;0,21;41,5;228,8;31,6;52;7795,0;0,068;31,25;25,2
07/10/2024;6:07:17.557;111,0;87,7;-36,65;0,1;38,1;231,8;20,4;23;10314,0;0,216;32,67;27,7
07/10/2024;6:07:17.558;120,0;94,7;-36,42;1,87;38,2;231,6;29,2;25;1614,0;0,214;-9,99;12,4
07/10/2024;6:07:17.557;105,0;82,6;-36,86;2,61;38,4;231,9;28,5;23;1438,0;0,222;-9,99;10,4
07/10/2024;6:07:49.072;114,0;43,7;-33,02;9,46;67,9;307,0;32,0;42;888,0;0,029;-9,99;7,8
07/10/2024;6:08:28.054;105,0;86,3;6,66;0,63;35,0;190,1;13,1;31;6487,0;0,056;-9,99;20,3
07/10/2024;6:08:58.435;123,0;91,7;-29,64;0,86;42,2;333,8;5,6;42;3596,0;0,072;-9,99;17,1
07/10/2024;6:10:14.030;124,5;94,5;-19,25;2,28;41,0;330,3;9,1;24;2446,0;0,068;-9,99;14,7
07/10/2024;6:10:39.592;124,5;98,9;12,7;0,16;37,7;325,6;10,3;15;8313,0;0,072;-9,99;26,9
07/10/2024;6:11:47.253;127,5;95,5;-8,43;0,16;41,9;333,6;2,8;25;4625,0;0,166;12,55;19,3
07/10/2024;6:14:51.267;105,0;90,8;12,08;0,35;30,4;293,9;12,3;25;2869,0;0,317;-9,99;14,7
07/10/2024;6:14:51.282;102,0;88,2;12,04;0,38;30,4;293,9;14,1;52;2936,0;0,313;-9,99;15,6
07/10/2024;6:15:19.008;114,0;98,0;35,68;0,06;31,0;244,2;17,4;25;17797,0;0,079;64,78;29,6
07/10/2024;6:15:40.373;100,5;52,0;-5,93;6,24;59,2;298,7;39,0;32;1442,0;0,109;-9,99;11,9
07/10/2024;6:17:56.080;124,5;95,0;-7,85;0,28;40,7;224,8;18,5;25;9092,0;0,042;-9,99;24,8
07/10/2024;6:18:01.176;106,5;81,8;1,62;0,69;40,1;290,4;11,0;13;2785,0;0,077;-9,99;19,0
07/10/2024;6:18:06.886;115,5;88,9;-11,7;3,11;40,0;15,1;25,1;24;2710,0;0,114;-9,99;11,5
07/10/2024;6:18:36.592;109,5;90,7;12,93;4,01;34,3;154,7;32,5;35;2494,0;0,074;-9,99;13,3
07/10/2024;6:19:21.707;108,0;55,1;-5,75;8,63;59,8;300,1;25,2;23;1727,0;0,071;-9,99;13,5
07/10/2024;6:20:16.648;111,0;72,0;45,02;4,55;50,0;4,3;28,5;45;2996,0;0,059;-9,99;12,8
07/10/2024;6:22:37.592;112,5;94,8;2,01;0,16;32,8;287,0;11,7;53;7455,0;0,179;-9,99;18,2
07/10/2024;6:23:02.731;112,5;94,8;-12,53;3,21;32,9;268,0;21,1;24;3182,0;0,031;-9,99;17,0
07/10/2024;6:27:57.362;126,0;90,0;38,71;0,88;44,8;177,9;17,2;15;6399,0;0,053;-9,99;19,5
07/10/2024;6:29:11.334;115,5;86,1;-45,35;2,58;42,1;293,2;17,2;23;2636,0;0,087;-9,99;14,4
07/10/2024;6:31:15.357;121,5;86,3;14,02;1,61;45,1;40,7;14,0;14;1833,0;0,087;-9,99;11,2
07/10/2024;6:31:27.104;105,0;97,2;27,76;3,56;22,5;229,2;33,7;51;2224,0;0,043;-9,99;12,4
07/10/2024;6:31:49.352;109,5;96,2;13,66;0,94;28,8;157,0;18,9;15;11482,0;0,02;-9,99;25,5
07/10/2024;6:33:19.173;111,0;84,8;-2,78;1,19;40,5;2,7;11,6;41;3075,0;0,136;-9,99;14,3
07/10/2024;6:33:25.947;105,0;89,8;-20,16;1,02;31,4;280,1;13,7;15;3497,0;0,127;-9,99;18,9
07/10/2024;6:33:25.950;103,5;89,0;-19,51;3,61;30,9;279,4;11,7;13;1906,0;0,107;-9,99;15,5
07/10/2024;6:34:25.378;114,0;84,1;-14,07;7,4;42,8;346,4;35,9;53;1201,0;0,083;-9,99;7,5
07/10/2024;6:34:59.610;129,0;75,1;-0,59;2,8;54,9;150,4;13,2;53;2108,0;0,067;-9,99;11,4
07/10/2024;6:36:17.413;121,5;87,8;-41,7;0,39;44,1;347,0;7,8;53;3795,0;0,166;-9,99;18,1
07/10/2024;6:41:36.086;127,5;83,6;7,15;1,41;49,5;189,0;22,0;25;3051,0;0,057;-9,99;13,0
07/10/2024;6:42:34.755;117,0;92,8;21,11;2,45;37,8;294,7;14,3;52;2580,0;0,036;-9,99;17,2
07/10/2024;6:43:52.093;129,0;89,9;17,47;2,25;46,3;213,7;22,8;25;3347,0;0,067;-9,99;16,3
07/10/2024;6:44:37.352;102,0;96,1;-0,76;1,28;19,7;305,9;12,6;52;3411,0;0,048;-9,99;18,8
07/10/2024;6:46:13.482;102,0;95,3;-3,83;3,27;21,1;302,0;16,1;35;1829,0;0,051;-9,99;18,1
07/10/2024;6:46:28.563;120,0;86,8;15,57;0,23;44,0;181,8;13,7;15;5806,0;0,062;-9,99;19,0
07/10/2024;6:46:36.949;109,5;93,5;17,97;1,14;31,6;340,8;11,6;25;3285,0;0,073;-9,99;16,8
07/10/2024;6:46:42.338;114,0;85,7;-2,63;1,52;41,6;359,6;13,2;23;1154,0;0,33;-9,99;8,0
07/10/2024;6:46:42.846;108,0;88,8;-4,28;1,89;35,0;246,8;20,7;13;3309,0;0,035;-9,99;18,3
07/10/2024;6:46:59.070;121,5;95,1;-17,03;5,45;38,8;33,2;34,7;13;1304,0;0,049;-9,99;8,6
07/10/2024;6:46:59.165;120,0;95,2;-3,32;5,41;37,9;34,8;39,5;53;1631,0;0,13;-9,99;9,6
07/10/2024;6:46:59.070;121,5;95,1;-17,03;5,44;38,8;33,3;34,6;13;1304,0;0,048;-9,99;7,5
07/10/2024;6:47:00.090;115,5;92,0;0,61;0,45;37,5;39,7;2,7;25;1987,0;0,095;-9,99;11,4
07/10/2024;6:47:00.000;118,5;94,6;-1,82;2,38;37,3;38,8;9,6;53;1373,0;0,085;-9,99;6,8
07/10/2024;6:49:29.792;115,5;87,8;-43,41;0,18;40,9;344,2;6,2;51;4356,0;0,22;-9,99;16,7
07/10/2024;6:49:40.488;108,0;93,9;-3,67;4,77;29,9;307,0;39,9;31;3111,0;0,078;-9,99;18,8
07/10/2024;6:49:57.339;111,0;88,3;30,66;0,04;37,6;183,3;17,5;25;12436,0;0,248;-9,99;28,2
07/10/2024;6:51:16.989;112,5;83,8;15,47;3,91;42,2;324,6;23,2;35;984,0;0,059;-9,99;4,4
07/10/2024;6:51:49.173;118,5;85,2;-22,96;1,85;44,4;218,2;22,4;15;1789,0;0,177;-9,99;9,7
07/10/2024;6:51:49.259;117,0;85,2;-28,96;2,79;43,6;218,4;35,7;13;1472,0;0,236;-9,99;8,7
07/10/2024;6:55:56.190;108,0;91,8;25,29;0,33;32,1;252,6;17,8;25;10758,0;0,04;-9,99;25,9
07/10/2024;6:56:13.352;123,0;88,5;-45,84;0,68;44,4;290,1;15,0;23;2368,0;0,136;-9,99;15,8
07/10/2024;6:57:42.064;117,0;93,5;8,46;0,07;37,3;205,8;17,5;25;16029,0;0,06;-9,99;27,0
07/10/2024;6:57:42.064;126,0;101,0;7,69;2,96;37,1;206,0;31,2;25;2539,0;0,065;-9,99;13,6
07/10/2024;6:57:42.064;108,0;86,3;9,44;1,57;37,2;205,5;25,5;15;2316,0;0,067;-9,99;13,9
07/10/2024;6:59:07.581;100,5;91,2;4,62;0,1;25,1;103,2;13,7;25;15657,0;0,059;25,01;26,4
07/10/2024;6:59:29.491;117,0;78,1;23,81;1,92;48,5;355,5;15,7;35;2845,0;0,073;-9,99;14,8
07/10/2024;6:59:50.392;100,5;80,6;-3,78;3,02;36,9;164,4;26,9;24;2284,0;0,338;-9,99;9,8
07/10/2024;6:59:59.056;112,5;93,2;-5,94;0,53;34,4;292,2;11,2;13;7037,0;0,063;-9,99;23,1
07/10/2024;7:02:29.640;121,5;77,8;-3,37;6,95;50,6;230,5;36,1;52;1041,0;0,038;-9,99;9,2
07/10/2024;7:04:10.763;114,0;98,2;3,54;0,76;30,8;247,8;16,6;15;2683,0;0,346;-9,99;12,6
07/10/2024;7:06:09.819;109,5;91,3;-13,68;3,16;33,8;330,2;30,2;13;2662,0;0,106;-9,99;13,8
07/10/2024;7:06:40.061;123,0;98,5;72,08;5,71;37,1;255,7;34,4;42;1452,0;0,089;-9,99;13,7
07/10/2024;7:06:59.875;121,5;100,0;75,41;0,41;34,9;337,4;8,9;15;9286,0;0,036;-9,99;23,9
07/10/2024;7:07:29.566;123,0;85,9;21,0;0,94;46,1;180,0;21,2;24;4533,0;0,085;-9,99;17,6
07/10/2024;7:08:36.485;124,5;91,2;20,34;0,09;43,3;198,1;18,3;15;14784,0;0,08;50,93;26,7
07/10/2024;7:08:58.472;117,0;91,4;0,48;3,29;38,9;287,1;35,5;13;1357,0;0,17;-9,99;11,3
07/10/2024;7:08:58.478;118,5;92,3;1,17;0,68;39,2;287,0;13,5;15;2792,0;0,163;-9,99;15,1
07/10/2024;7:12:56.022;109,5;87,6;-38,35;0,88;37,1;339,7;4,6;42;3845,0;0,133;-9,99;17,1
07/10/2024;7:13:29.269;121,5;90,1;-18,99;1,57;42,5;325,7;14,9;13;3064,0;0,12;-9,99;15,1
07/10/2024;7:14:03.187;129,0;91,7;34,7;1,69;45,1;233,6;24,7;25;4205,0;0,062;-9,99;19,1
07/10/2024;7:15:33.826;100,5;83,2;18,04;0,72;34,3;229,6;16,9;25;4463,0;0,051;-9,99;19,1
07/10/2024;7:20:58.426;124,5;90,4;2,35;1,11;43,8;343,4;10,6;51;3138,0;0,095;-9,99;13,3
07/10/2024;7:21:23.296;118,5;92,2;-3,27;0,38;39,2;317,2;12,5;25;6877,0;0,066;-9,99;22,3
07/10/2024;7:22:03.939;118,5;96,9;23,26;1,65;35,5;194,3;18,8;31;8423,0;0,02;-9,99;22,2
07/10/2024;7:22:28.467;117,0;84,1;8,02;1,06;44,4;352,4;13,4;25;4870,0;0,079;-9,99;18,4
07/10/2024;7:22:53.886;129,0;103,0;-33,04;4,99;37,4;67,4;39,6;52;1453,0;0,03;-9,99;6,8
07/10/2024;7:24:55.245;126,0;80,0;8,49;1,3;51,0;311,2;11,5;24;2042,0;0,137;-9,99;12,3
07/10/2024;7:25:00.696;108,0;91,3;21,68;5,12;32,5;222,1;39,6;13;3009,0;0,04;-9,99;15,8
07/10/2024;7:25:31.176;115,5;90,1;-33,27;1,45;39,1;2,7;12,6;51;4258,0;0,112;-9,99;17,3
07/10/2024;7:26:10.146;124,5;87,0;-4,64;0,28;46,1;201,8;17,9;25;6869,0;0,103;39,34;20,5
07/10/2024;7:26:12.171;117,0;93,2;38,55;3,25;37,5;290,4;35,9;13;2132,0;0,052;-9,99;16,2
07/10/2024;7:26:33.550;121,5;93,1;11,4;1,45;40,3;265,1;18,7;25;3739,0;0,056;-9,99;16,8
07/10/2024;7:28:53.842;120,0;88,5;35,13;3,19;42,9;146,9;23,8;13;2137,0;0,14;-9,99;11,8
07/10/2024;7:29:49.397;124,5;94,0;23,04;3,22;41,3;1,9;26,1;24;2002,0;0,112;-9,99;10,2
07/10/2024;7:30:34.819;103,5;78,2;4,23;4,08;41,2;180,0;31,6;35;2033,0;0,102;-9,99;10,2
07/10/2024;7:32:59.280;102,0;95,2;13,46;0,16;21,2;348,5;14,5;25;8453,0;0,07;-9,99;23,4
07/10/2024;7:37:44.446;106,5;93,5;-6,85;0,36;28,9;321,5;15,1;25;5014,0;0,065;25,28;19,5
07/10/2024;7:37:56.909;117,0;92,7;29,69;4,04;37,9;213,3;33,6;42;2563,0;0,076;-9,99;13,7
07/10/2024;7:38:18.744;117,0;84,0;9,21;1,5;44,5;8,9;15,4;25;2820,0;0,197;-9,99;14,5
07/10/2024;7:39:24.555;114,0;87,9;-29,01;0,08;39,9;0,7;9,6;51;8485,0;0,144;31,53;25,4
07/10/2024;7:39:24.568;120,0;94,1;-27,87;4,03;38,7;1,4;20,7;42;1370,0;0,152;-9,99;8,9
07/10/2024;7:39:24.570;108,0;84,2;-26,91;3,67;39,0;1,5;25,5;51;1259,0;0,175;-9,99;7,9
07/10/2024;7:40:06.670;117,0;81,9;-7,08;0,32;45,9;196,1;16,6;51;4969,0;0,112;-9,99;17,5
07/10/2024;7:42:48.450;105,0;99,2;9,2;1,8;19,3;243,1;19,3;51;3648,0;0,063;-9,99;16,0
07/10/2024;7:42:48.450;102,0;96,4;9,17;2,04;19,2;242,6;21,9;15;3484,0;0,066;-9,99;15,8
07/10/2024;7:43:22.768;105,0;86,7;7,25;0,1;34,6;201,0;13,6;51;7417,0;0,098;-9,99;20,4
07/10/2024;7:43:22.789;106,5;87,9;6,87;0,45;34,6;201,1;16,2;15;3300,0;0,091;-9,99;14,2
07/10/2024;7:46:25.171;124,5;88,4;-34,02;0,71;45,2;9,2;12,2;15;3738,0;0,121;-9,99;16,8
07/10/2024;7:46:51.467;124,5;93,5;-2,81;0,45;41,7;191,5;11,9;25;8430,0;0,039;-9,99;22,5
07/10/2024;7:47:51.245;127,5;78,0;6,07;1,06;52,7;134,6;12,1;15;2867,0;0,055;-9,99;15,3
07/10/2024;7:48:00.838;100,5;92,1;2,96;0,58;23,8;315,6;19,8;52;4392,0;0,063;-9,99;21,7
07/10/2024;7:48:18.710;111,0;78,5;4,72;3,12;45,4;153,6;18,7;45;1285,0;0,269;-9,99;7,3
07/10/2024;7:50:27.032;112,5;87,1;-4,81;2,45;39,6;236,7;18,3;52;2830,0;0,063;-9,99;16,6
07/10/2024;7:51:12.166;115,5;95,6;-35,83;2,98;34,4;139,3;26,7;31;2474,0;0,038;-9,99;12,7
07/10/2024;7:51:12.354;112,5;85,1;8,97;2,31;41,2;229,4;29,0;25;3617,0;0,034;-9,99;18,1
07/10/2024;7:53:56.859;121,5;96,6;11,25;1,7;37,6;356,2;13,7;41;3490,0;0,058;-9,99;15,5
07/10/2024;7:54:41.542;111,0;95,5;-9,11;0,09;30,9;201,9;19,3;15;17015,0;0,047;35,79;27,5
07/10/2024;7:54:52.909;123,0;96,0;43,12;1,15;39,0;289,6;12,1;23;4153,0;0,04;-9,99;19,5
07/10/2024;7:54:56.880;102,0;87,8;-30,06;0,74;30,8;318,1;15,0;52;4275,0;0,11;-9,99;18,9
07/10/2024;7:55:05.099;123,0;91,9;-26,29;0,1;42,0;8,0;9,9;15;8632,0;0,168;23,16;22,3
07/10/2024;7:56:16.118;115,5;93,1;-2,38;0,18;36,6;7,1;7,6;15;7320,0;0,065;30,59;21,2
07/10/2024;7:56:54.123;117,0;88,6;23,85;0,98;41,1;89,3;17,0;25;3751,0;0,064;-9,99;17,5
07/10/2024;7:59:11.246;126,0;103,4;-21,83;5,78;35,2;178,2;21,7;15;1768,0;0,098;-9,99;11,3
07/10/2024;8:00:43.022;127,5;86,0;-16,23;7,88;48,0;314,5;39,7;35;1092,0;0,172;-9,99;5,9
07/10/2024;8:02:54.414;127,5;83,2;17,78;1,04;49,7;319,8;5,7;25;3644,0;0,08;-9,99;15,1
07/10/2024;8:05:13.515;123,0;80,9;15,49;0,99;49,3;167,7;15,6;15;3586,0;0,1;-9,99;16,3
07/10/2024;8:08:48.944;114,0;91,8;-7,73;1,61;36,6;146,4;12,4;13;4181,0;0,046;-9,99;16,2
07/10/2024;8:10:41.170;105,0;83,3;13,61;1,91;37,7;36,1;14,2;52;1920,0;0,251;-9,99;8,9
07/10/2024;8:12:24.755;105,0;79,3;17,34;4,93;41,3;343,0;39,3;24;1482,0;0,337;-9,99;10,1
07/10/2024;8:13:13.542;115,5;88,6;-30,7;4,63;40,2;311,0;24,0;24;2001,0;0,07;-9,99;16,2
07/10/2024;8:13:28.086;103,5;97,1;-5,43;3,2;20,4;114,2;29,8;31;2071,0;0,118;-9,99;11,5
07/10/2024;8:13:43.251;112,5;90,9;5,46;1,8;36,4;184,7;17,4;23;2821,0;0,121;-9,99;12,3
07/10/2024;8:13:43.211;109,5;88,5;5,48;1,65;36,4;184,8;17,1;32;2868,0;0,119;-9,99;12,0
07/10/2024;8:14:45.498;126,0;98,2;44,48;0,02;39,2;244,8;17,6;25;15112,0;0,473;62,67;30,2
07/10/2024;8:14:45.496;123,0;95,7;44,41;0,39;39,3;244,8;17,3;25;2285,0;0,472;-9,99;13,5
07/10/2024;8:16:48.026;121,5;83,5;-0,8;0,39;47,0;347,8;9,9;15;5455,0;0,097;-9,99;17,2
07/10/2024;8:17:19.334;106,5;87,8;39,94;0,56;34,8;178,5;9,2;15;5117,0;0,051;-9,99;19,8
07/10/2024;8:17:50.955;102,0;51,8;-1,46;5,71;59,8;232,2;30,2;31;2545,0;0,094;-9,99;13,6
07/10/2024;8:17:50.955;102,0;51,8;-1,46;5,72;59,8;232,2;30,3;13;2545,0;0,094;-9,99;13,6
07/10/2024;8:18:06.486;109,5;98,4;39,22;0,05;26,3;357,5;10,6;15;20778,0;0,075;29,41;29,5
07/10/2024;8:18:06.494;115,5;103,7;39,43;1,14;26,3;357,5;11,8;15;3359,0;0,074;-9,99;13,2
07/10/2024;8:18:06.491;100,5;90,2;38,98;1,77;26,3;357,5;12,3;51;2823,0;0,073;-9,99;13,4
07/10/2024;8:19:05.779;120,0;93,3;19,98;0,03;39,3;332,7;1,7;15;20975,0;0,142;-9,99;28,2
07/10/2024;8:19:05.765;129,0;100,2;20,07;1,66;39,4;332,4;15,5;24;2925,0;0,136;-9,99;11,6
07/10/2024;8:19:05.771;117,0;90,9;19,9;1,23;39,4;332,6;9,1;24;3173,0;0,139;-9,99;12,6
07/10/2024;8:19:55.875;126,0;92,1;-7,73;0,05;43,4;154,5;10,8;25;12238,0;0,08;31,96;24,4
07/10/2024;8:22:48.472;100,5;84,5;-18,05;0,96;33,0;341,6;12,5;35;3436,0;0,181;-9,99;16,1
07/10/2024;8:24:30.557;111,0;85,4;18,16;6,37;40,0;183,3;39,9;14;1303,0;0,328;-9,99;5,1
07/10/2024;8:24:51.462;108,0;89,3;-9,93;0,48;34,5;354,5;5,4;25;7573,0;0,088;-9,99;21,9
07/10/2024;8:27:32.552;112,5;94,1;27,08;0,36;33,5;353,7;5,1;15;8992,0;0,068;-9,99;22,3
07/10/2024;8:27:39.024;109,5;84,5;14,65;0,04;39,8;179,1;10,6;15;12768,0;0,191;35,38;25,7
07/10/2024;8:27:39.050;100,5;77,7;15,19;1,54;39,7;179,2;12,2;32;2042,0;0,182;-9,99;10,0
07/10/2024;8:31:40.205;108,0;102,3;-5,2;0,42;18,9;266,8;15,6;15;11578,0;0,016;-9,99;24,9
07/10/2024;8:32:39.002;112,5;93,8;2,29;0,53;33,8;259,2;14,1;41;4580,0;0,092;-9,99;18,9
07/10/2024;8:34:33.350;127,5;91,5;3,74;1,58;44,6;217,0;28,7;25;6452,0;0,047;-9,99;18,5
07/10/2024;8:35:11.882;112,5;96,3;27,07;0,43;31,4;20,5;11,9;25;9137,0;0,049;-9,99;23,2
07/10/2024;8:39:23.344;103,5;80,9;23,2;0,16;38,9;14,1;8,9;15;10927,0;0,098;21,48;24,1
07/10/2024;8:39:48.886;124,5;90,4;27,2;0,91;43,8;193,5;15,8;15;4867,0;0,049;-9,99;16,0
07/10/2024;8:41:54.406;118,5;92,7;1,9;1,93;38,9;195,2;12,7;14;5865,0;0,032;-9,99;16,7
07/10/2024;8:43:00.589;100,5;98,7;42,3;0,85;10,8;274,9;14,1;15;7373,0;0,021;-9,99;23,5
07/10/2024;8:44:25.566;103,5;102,3;37,45;1,04;9,0;202,6;16,7;52;10613,0;0,008;-9,99;28,5
07/10/2024;8:44:34.712;120,0;96,3;33,98;0,33;36,9;191,1;14,8;51;2436,0;0,251;-9,99;9,9
07/10/2024;8:46:06.565;124,5;93,1;-18,92;0,39;42,0;150,4;7,1;25;8369,0;0,05;-9,99;21,2
07/10/2024;8:48:01.205;112,5;86,5;-9,17;0,37;40,1;119,4;19,2;13;6035,0;0,105;14,63;19,9
07/10/2024;8:50:34.163;124,5;95,5;48,41;3,87;40,3;261,9;31,9;24;2346,0;0,045;-9,99;15,9
07/10/2024;8:50:34.160;123,0;94,4;44,55;3,04;40,2;262,0;21,6;35;2499,0;0,045;-9,99;15,7
07/10/2024;8:51:47.877;100,5;88,3;17,61;6,45;28,7;108,0;36,9;42;1723,0;0,112;-9,99;11,5
07/10/2024;8:52:52.875;120,0;88,7;-2,94;0,24;42,7;299,9;12,6;41;5430,0;0,245;-9,99;17,4
07/10/2024;8:55:03.856;115,5;88,7;-55,4;3,23;40,1;347,9;28,7;13;2129,0;0,101;-9,99;11,0
07/10/2024;8:55:06.290;108,0;86,2;-43,26;3,25;37,3;338,1;19,6;24;1630,0;0,183;-9,99;10,0
07/10/2024;8:55:27.974;105,0;89,5;3,29;2,75;31,8;332,3;17,1;41;2191,0;0,079;-9,99;12,0
07/10/2024;8:58:08.322;118,5;95,2;6,14;0,3;36,9;214,1;22,9;52;11741,0;0,045;-9,99;24,8
07/10/2024;9:00:42.400;114,0;82,1;11,21;0,4;44,3;175,3;14,1;13;6562,0;0,093;-9,99;17,7
07/10/2024;9:01:18.694;106,5;87,0;-29,02;2,93;35,5;47,0;23,6;13;2600,0;0,135;-9,99;13,8
07/10/2024;9:01:42.757;108,0;93,1;34,51;0,3;30,7;322,5;12,1;42;7401,0;0,107;-9,99;19,9
07/10/2024;9:03:52.272;129,0;86,1;13,78;0,76;48,5;204,9;21,8;52;5059,0;0,087;-9,99;16,8
07/10/2024;9:10:06.739;126,0;83,6;-35,57;2,58;48,8;294,3;19,1;23;2312,0;0,12;-9,99;12,1
07/10/2024;9:10:11.978;118,5;82,9;-6,25;4,74;46,0;209,4;35,4;51;2352,0;0,023;-9,99;10,1
07/10/2024;9:12:35.858;103,5;92,9;23,54;0,2;26,3;36,1;17,0;15;13176,0;0,05;-9,99;27,1
07/10/2024;9:14:29.216;121,5;99,2;60,84;0,21;35,6;299,1;9,0;13;9594,0;0,074;-9,99;25,5
07/10/2024;9:14:29.221;124,5;101,2;61,06;4,05;36,0;299,0;33,9;24;1444,0;0,051;-9,99;9,0
07/10/2024;9:16:57.611;129,0;87,2;-19,17;6,37;47,9;119,8;28,1;13;1879,0;0,059;-9,99;9,6
07/10/2024;9:18:08.690;124,5;81,9;-2,23;0,44;49,3;351,8;11,3;25;4009,0;0,252;-9,99;15,5
07/10/2024;9:21:19.061;102,0;97,9;28,88;0,03;16,4;356,8;14,0;52;25732,0;0,078;-9,99;31,2
07/10/2024;9:21:19.034;100,5;96,4;28,48;0,43;16,5;356,7;13,6;52;5121,0;0,082;-9,99;19,2
07/10/2024;9:23:20.014;124,5;95,9;20,04;0,32;40,0;43,4;7,9;15;8027,0;0,06;-9,99;20,7
07/10/2024;9:24:02.581;127,5;84,0;-16,58;7,39;49,2;203,4;37,8;14;1766,0;0,103;-9,99;7,9
07/10/2024;9:24:09.043;118,5;93,7;28,5;0,5;38,1;336,7;7,6;13;5865,0;0,091;64,43;21,5
07/10/2024;9:27:15.454;108,0;77,1;14,29;0,94;44,8;130,8;15,0;25;4935,0;0,171;-9,99;17,0
07/10/2024;9:29:48.698;114,0;95,5;-29,09;3,68;33,4;198,4;33,7;13;3926,0;0,017;-9,99;17,0
07/10/2024;9:30:35.922;127,5;94,3;13,73;0,14;42,7;300,5;13,8;15;9948,0;0,138;-9,99;22,8
07/10/2024;9:30:35.923;121,5;90,9;14,66;4,69;41,9;299,9;35,4;41;1613,0;0,1;-9,99;7,9
07/10/2024;9:31:03.939;114,0;96,2;16,43;0,68;32,7;262,6;12,0;13;4322,0;0,092;-9,99;18,6
07/10/2024;9:31:57.499;117,0;80,8;-16,24;1,26;46,7;223,2;31,2;25;6470,0;0,074;-9,99;18,5
07/10/2024;9:33:28.474;115,5;86,7;15,55;1,86;41,7;307,6;17,7;14;2882,0;0,054;-9,99;16,3
07/10/2024;9:37:12.088;114,0;88,9;38,11;2,18;39,1;228,6;27,4;13;3430,0;0,061;-9,99;15,5
07/10/2024;9:38:55.758;100,5;83,8;-18,38;0,52;33,7;336,6;11,3;15;6156,0;0,117;-9,99;18,9
07/10/2024;9:38:55.762;102,0;85,0;-18,22;1,86;33,8;336,7;16,6;31;3332,0;0,119;-9,99;13,8
07/10/2024;9:39:17.046;109,5;85,7;42,05;0,12;38,8;136,8;13,6;15;11424,0;0,229;31,52;23,3
07/10/2024;9:39:40.090;105,0;86,2;-28,13;0,61;35,1;32,3;4,2;13;3799,0;0,26;-9,99;16,2
07/10/2024;9:40:30.085;124,5;93,0;21,48;4,43;42,0;317,8;25,7;14;2981,0;0,064;-9,99;12,9
07/10/2024;9:41:40.274;117,0;79,8;-5,39;5,28;47,4;339,7;33,7;14;2218,0;0,114;-9,99;8,7
07/10/2024;9:41:43.875;127,5;83,6;-50,09;2,06;49,5;334,9;15,1;24;3696,0;0,112;-9,99;14,7
07/10/2024;9:46:21.312;112,5;95,8;25,15;2,08;31,8;336,6;21,8;14;3342,0;0,065;-9,99;19,5
07/10/2024;9:48:23.997;112,5;91,0;20,52;1,34;36,3;358,0;11,7;14;5134,0;0,05;-9,99;19,7
07/10/2024;9:49:35.013;112,5;88,2;44,69;0,6;38,6;205,4;16,9;52;4179,0;0,152;-9,99;17,5
07/10/2024;9:50:36.197;126,0;85,9;24,47;1,54;47,4;208,2;24,3;51;3015,0;0,091;-9,99;12,4
07/10/2024;9:53:18.062;106,5;96,0;-7,65;0,06;25,9;227,0;19,3;15;22811,0;0,081;39,35;26,2
07/10/2024;9:53:18.062;112,5;101,4;-7,94;0,77;25,9;227,2;21,7;15;3746,0;0,084;-9,99;13,5
07/10/2024;9:54:16.334;123,0;99,2;12,57;0,1;36,6;240,1;17,6;14;12402,0;0,095;-9,99;24,6
07/10/2024;9:54:16.306;126,0;101,7;12,59;2,13;36,5;240,1;24,1;14;1933,0;0,109;-9,99;10,2
07/10/2024;9:57:48.264;118,5;86,5;-39,03;0,21;43,5;8,8;9,5;15;4779,0;0,192;-9,99;16,9
07/10/2024;10:00:53.848;105,0;82,5;4,49;0,18;38,5;204,4;7,5;15;8595,0;0,146;-9,99;19,3
07/10/2024;10:07:40.634;108,0;82,3;-9,81;2,85;40,7;337,8;20,2;24;1827,0;0,181;-9,99;9,7
07/10/2024;10:08:11.158;120,0;91,6;-22,19;0,58;40,6;161,7;13,6;15;10399,0;0,045;29,21;22,8
07/10/2024;10:11:25.846;117,0;91,4;-20,13;0,05;38,9;196,2;14,8;25;18161,0;0,122;61,66;26,8
07/10/2024;10:11:40.312;115,5;87,6;-18,76;1,5;41,0;337,0;12,2;24;3200,0;0,127;-9,99;14,1
07/10/2024;10:14:07.885;103,5;98,4;13,83;0,12;18,2;288,1;15,1;25;6625,0;0,187;-9,99;18,7
07/10/2024;10:14:10.950;118,5;88,7;-25,53;3,53;41,9;33,3;26,9;13;3103,0;0,083;-9,99;11,4
07/10/2024;10:16:59.602;102,0;89,5;-12,14;2,48;28,9;181,2;17,7;25;2766,0;0,072;-9,99;14,7
07/10/2024;10:24:29.541;109,5;89,7;30,58;0,73;35,3;313,3;10,5;25;6161,0;0,08;-9,99;20,8
07/10/2024;10:25:20.803;109,5;94,1;-9,95;3,4;31,0;148,0;38,3;42;3755,0;0,051;-9,99;15,8
07/10/2024;10:25:39.040;100,5;86,6;5,43;3,56;30,7;310,9;36,9;24;2532,0;0,149;-9,99;16,9
07/10/2024;10:27:38.982;100,5;91,6;5,26;0,7;24,5;207,1;20,9;15;8407,0;0,033;-9,99;22,6
07/10/2024;10:28:37.650;117,0;89,6;27,76;3,41;40,4;243,1;37,3;15;1641,0;0,125;-9,99;10,5
07/10/2024;10:29:39.838;103,5;84,3;-4,12;3,55;35,7;85,5;35,7;14;1628,0;0,259;-9,99;12,8
07/10/2024;10:37:15.896;117,0;92,1;1,66;1,08;38,4;255,4;18,0;14;5006,0;0,048;-9,99;21,0
07/10/2024;10:38:52.280;100,5;89,7;-14,63;1,65;27,1;146,9;22,7;24;3392,0;0,109;-9,99;17,0
07/10/2024;10:39:08.146;129,0;91,1;31,82;2,18;45,5;5,9;13,7;35;3394,0;0,066;-9,99;15,6
07/10/2024;10:39:09.902;115,5;89,9;-9,35;0,05;39,2;164,9;15,2;15;9676,0;0,25;-9,99;24,5
07/10/2024;10:39:09.861;121,5;94,5;-9,37;1,71;39,3;164,7;22,0;14;1718,0;0,241;-9,99;10,2
07/10/2024;10:39:09.947;124,5;97,0;-8,66;1,72;39,2;164,6;21,8;15;1667,0;0,251;-9,99;9,7
07/10/2024;10:40:17.523;121,5;91,7;5,38;6,64;41,4;178,1;34,9;35;1155,0;0,069;-9,99;7,5
07/10/2024;10:43:31.283;117,0;74,2;19,98;1,26;51,1;131,8;15,3;15;3165,0;0,101;-9,99;15,0
07/10/2024;10:45:43.446;115,5;85,5;1,48;2,97;42,6;354,2;19,2;35;1853,0;0,096;-9,99;11,7
07/10/2024;10:45:43.451;100,5;74,0;2,06;1,99;42,8;354,2;15,9;35;1788,0;0,103;-9,99;11,7
07/10/2024;10:45:43.459;118,5;88,0;2,43;2,85;42,4;354,7;20,0;31;1712,0;0,102;-9,99;9,9
07/10/2024;10:46:01.178;118,5;97,9;31,73;0,93;34,6;275,5;12,8;52;3722,0;0,037;-9,99;20,7
07/10/2024;10:46:11.280;111,0;86,8;-28,35;0,5;38,8;122,6;16,1;15;5893,0;0,052;27,7;22,1
07/10/2024;10:47:08.848;112,5;90,3;11,05;0,06;36,9;233,0;12,3;25;8531,0;0,219;24,0;24,9
07/10/2024;10:47:08.858;121,5;97,7;11,21;1,33;36,8;233,1;11,8;23;1408,0;0,209;-9,99;9,7
07/10/2024;10:47:08.859;118,5;95,2;11,01;0,81;36,9;233,1;14,3;52;1528,0;0,226;-9,99;11,7
07/10/2024;10:47:44.768;121,5;85,6;-30,75;4,29;45,6;326,0;22,6;24;1016,0;0,189;-9,99;6,4
07/10/2024;10:48:12.139;127,5;96,5;-0,4;1,91;41,2;135,8;20,5;14;3622,0;0,031;-9,99;17,3
07/10/2024;10:48:12.139;127,5;96,5;-0,4;1,91;41,2;135,8;20,5;14;3622,0;0,031;-9,99;16,9
07/10/2024;10:48:13.122;129,0;93,2;1,55;4,97;44,1;138,1;33,5;35;1066,0;0,053;-9,99;6,0
07/10/2024;10:48:36.747;111,0;88,9;35,08;1,85;37,1;329,5;11,3;53;2606,0;0,08;-9,99;15,2
07/10/2024;10:49:06.224;124,5;85,8;-14,14;6,02;46,9;173,7;35,8;42;2156,0;0,048;-9,99;11,7
07/10/2024;10:49:28.142;105,0;91,5;-6,51;5,21;29,6;289,9;39,4;42;2058,0;0,032;-9,99;12,0
07/10/2024;10:53:40.709;123,0;79,2;4,92;4,32;50,3;179,8;28,6;13;1198,0;0,2;-9,99;7,7
07/10/2024;10:54:13.003;117,0;96,5;-7,79;1,44;34,8;231,1;19,3;52;2569,0;0,042;-9,99;15,4
07/10/2024;10:55:18.286;117,0;92,2;-17,22;0,32;38,3;161,8;14,2;51;6716,0;0,044;-9,99;21,8
07/10/2024;10:55:33.482;106,5;79,2;66,93;2,19;42,3;77,2;19,9;25;1945,0;0,048;-9,99;12,6
07/10/2024;10:56:33.685;112,5;91,9;43,22;7,11;35,5;326,8;14,0;41;1618,0;0,024;-9,99;11,5
07/10/2024;10:59:07.384;118,5;95,3;24,03;4,05;36,7;282,8;24,2;14;2846,0;0,041;-9,99;18,8
07/10/2024;11:01:36.482;129,0;115,2;-5,03;10,1;27,0;350,1;28,7;53;1221,0;0,039;-9,99;11,8
07/10/2024;11:02:32.398;108,0;82,9;21,9;2,55;40,2;195,4;22,5;25;1404,0;0,126;-9,99;10,6
07/10/2024;11:03:16.584;127,5;92,4;1,01;4,88;44,0;142,0;27,1;35;1328,0;0,037;-9,99;11,1
07/10/2024;11:04:57.789;114,0;94,5;-30,31;0,06;34,3;212,4;21,8;25;16854,0;0,066;33,06;31,4
07/10/2024;11:04:57.789;123,0;101,8;-30,73;1,57;34,4;211,9;27,4;15;2598,0;0,066;-9,99;15,5
07/10/2024;11:04:57.789;111,0;92,0;-31,03;1,94;34,3;212,1;25,4;25;2372,0;0,068;-9,99;13,4
07/10/2024;11:04:57.786;105,0;86,9;-30,11;1,82;34,4;211,9;25,2;15;2332,0;0,064;-9,99;15,1
07/10/2024;11:10:55.142;109,5;89,7;-12,28;2,57;35,3;154,3;29,8;42;2137,0;0,097;-9,99;12,8
07/10/2024;11:13:00.525;117,0;96,7;-11,46;0,21;34,5;265,7;15,5;25;7768,0;0,061;29,5;23,0
07/10/2024;11:13:28.208;111,0;84,1;13,09;0,33;41,1;135,2;11,0;23;6948,0;0,099;28,52;20,5
07/10/2024;11:13:28.206;112,5;86,2;13,58;3,02;40,3;136,0;26,7;23;2305,0;0,141;-9,99;11,6
07/10/2024;11:14:16.904;105,0;85,9;50,42;0,71;35,3;238,8;17,0;25;6590,0;0,06;-9,99;22,2
07/10/2024;11:15:25.299;112,5;85,6;34,53;3,87;40,8;181,0;12,8;52;2364,0;0,077;-9,99;12,7
07/10/2024;11:18:07.048;121,5;88,2;-34,2;2,55;43,8;25,2;25,5;31;1733,0;0,171;-9,99;11,3
07/10/2024;11:20:31.430;118,5;86,4;38,19;3,54;43,6;202,8;38,1;15;962,0;0,205;-9,99;4,9
07/10/2024;11:21:09.757;105,0;86,8;2,12;0,84;34,5;336,8;8,0;42;4999,0;0,069;-9,99;21,2
07/10/2024;11:24:00.370;109,5;92,2;-10,66;4,37;32,9;98,7;37,2;52;1201,0;0,052;-9,99;8,7
07/10/2024;11:24:06.021;100,5;95,2;24,5;0,26;18,8;339,3;13,0;15;8992,0;0,037;-9,99;26,9
07/10/2024;11:25:14.147;117,0;80,8;32,05;3,95;46,7;138,0;32,1;32;732,0;0,08;-9,99;4,2
07/10/2024;11:25:14.978;103,5;95,3;-24,59;1,48;23,2;181,4;17,0;23;2442,0;0,054;-9,99;18,3
07/10/2024;11:25:38.902;109,5;43,3;26,2;3,92;67,1;236,4;31,6;31;1212,0;0,157;-9,99;11,9
07/10/2024;11:26:17.211;108,0;88,9;46,66;0,07;34,9;272,3;15,3;15;9131,0;0,121;35,01;26,1
07/10/2024;11:28:20.150;112,5;93,6;-30,37;2,52;34,0;228,7;27,4;25;2078,0;0,044;-9,99;17,5
07/10/2024;11:28:43.030;100,5;81,2;15,37;0,4;36,4;210,7;17,4;25;4807,0;0,049;26,73;20,4
07/10/2024;11:28:45.443;108,0;89,5;25,77;0,8;34,3;353,3;4,2;25;3187,0;0,081;-9,99;16,6
07/10/2024;11:29:01.070;127,5;82,4;34,7;2,77;50,2;180,8;24,8;42;1282,0;0,207;-9,99;9,9
07/10/2024;11:29:03.670;112,5;89,6;28,57;2,87;37,6;333,9;26,1;24;1748,0;0,102;-9,99;11,7
07/10/2024;11:30:04.742;121,5;118,0;-20,64;11,19;14,0;57,8;29,4;45;2729,0;0,01;-9,99;17,0
07/10/2024;11:32:04.864;109,5;81,3;-7,71;1,56;42,4;10,0;26,3;32;7073,0;0,088;-9,99;20,1
07/10/2024;11:33:26.984;127,5;84,2;-29,39;2,76;49,1;10,4;19,3;53;2237,0;0,084;-9,99;11,3
07/10/2024;11:38:00.525;117,0;84,7;39,45;0,23;44,0;177,3;16,9;25;12312,0;0,161;27,91;24,8
07/10/2024;11:38:00.510;108,0;64,8;38,01;6,33;53,5;209,8;35,9;41;1934,0;0,173;-9,99;7,8
07/10/2024;11:38:00.494;123,0;73,6;42,48;5,17;53,7;209,8;36,8;41;2043,0;0,179;-9,99;9,4
07/10/2024;11:40:59.563;105,0;98,9;-3,27;1,05;19,8;204,2;15,7;25;10399,0;0,035;-9,99;25,1
07/10/2024;11:41:44.608;102,0;86,6;16,61;3,4;32,1;332,2;20,1;45;5410,0;0,053;-9,99;17,9
07/10/2024;11:43:01.549;108,0;90,7;-13,03;3,91;33,2;167,4;35,7;24;4431,0;0,093;-9,99;17,1
07/10/2024;11:45:23.734;108,0;84,6;-15,61;0,09;38,7;358,2;8,4;25;14189,0;0,196;24,99;26,9
07/10/2024;11:45:23.736;114,0;89,3;-16,68;5,04;38,8;357,8;25,0;13;2078,0;0,288;-9,99;10,7
07/10/2024;11:46:15.347;117,0;93,6;-6,11;1,29;37,2;215,5;20,0;14;7943,0;0,037;-9,99;23,2
07/10/2024;11:49:24.480;117,0;89,2;39,0;0,84;40,6;320,8;8,4;32;7219,0;0,145;-9,99;19,7
07/10/2024;11:51:48.114;123,0;91,4;19,14;4,7;42,4;6,3;36,8;31;5370,0;0,129;-9,99;17,5
07/10/2024;11:58:38.190;121,5;101,7;15,72;1,42;33,4;320,4;13,7;23;14771,0;0,041;-9,99;20,3
07/10/2024;12:00:01.213;114,0;100,5;13,08;2,11;28,4;313,7;18,7;13;27829,0;0,05;-9,99;20,8
07/10/2024;12:19:49.539;129,0;58,3;-28,28;4,21;63,7;93,2;37,9;14;6402,0;0,051;-9,99;19,4
07/10/2024;12:22:52.136;109,5;83,1;-17,17;0,84;41,0;37,6;9,3;14;4463,0;0,199;-9,99;15,8
07/10/2024;12:24:31.717;108,0;90,4;10,55;0,8;33,4;340,3;16,6;15;9487,0;0,052;-9,99;22,0
07/10/2024;12:27:26.419;109,5;98,1;27,95;1,1;26,5;258,8;12,4;31;4602,0;0,033;-9,99;24,1
07/10/2024;12:28:05.429;117,0;90,3;22,55;0,06;39,8;340,2;5,6;15;14412,0;0,169;-9,99;27,0
07/10/2024;12:28:47.848;100,5;90,4;22,3;0,49;26,0;322,8;11,8;15;7774,0;0,063;-9,99;24,0
07/10/2024;12:31:37.384;123,0;90,8;5,18;4,49;42,8;237,9;40,0;25;3509,0;0,065;-9,99;14,5
07/10/2024;12:33:59.611;118,5;93,6;4,17;5,83;38,2;341,4;33,5;15;2206,0;0,033;-9,99;11,1
07/10/2024;12:37:22.229;111,0;96,1;-38,02;0,28;30,3;232,9;17,5;51;13385,0;0,037;-9,99;26,4
07/10/2024;12:38:40.990;127,5;89,1;22,95;0,32;46,1;298,8;11,8;14;6907,0;0,066;-9,99;20,0
07/10/2024;12:41:24.408;115,5;87,7;34,04;1,74;40,9;327,9;12,1;31;4741,0;0,099;-9,99;17,3
07/10/2024;12:44:28.560;120,0;85,8;27,26;0,27;44,7;337,8;5,8;15;3758,0;0,221;-9,99;13,2
07/10/2024;12:48:15.470;123,0;86,1;-11,42;1,09;46,0;343,5;14,5;15;2695,0;0,269;-9,99;10,3
07/10/2024;12:51:57.429;127,5;93,3;-17,12;0,18;43,4;214,4;21,6;15;8886,0;0,077;34,48;22,0
07/10/2024;12:53:40.262;124,5;95,8;21,67;0,56;40,1;312,5;17,7;25;5157,0;0,106;-9,99;18,9
07/10/2024;12:53:47.230;102,0;83,7;-15,3;0,01;35,2;155,4;14,0;15;23977,0;0,47;17,96;30,8
07/10/2024;12:53:56.854;112,5;87,1;36,82;0,26;39,6;226,7;21,5;15;6610,0;0,122;-9,99;19,9
07/10/2024;12:56:04.371;108,0;81,4;20,65;2,55;41,4;262,9;28,7;42;3379,0;0,095;-9,99;13,5
07/10/2024;12:56:24.568;123,0;87,6;-19,95;0,71;45,0;199,8;18,7;15;6758,0;0,07;-9,99;18,8
07/10/2024;12:57:01.106;126,0;96,8;1,05;0,77;40,2;345,1;11,8;15;3960,0;0,034;-9,99;15,0
07/10/2024;12:59:04.571;100,5;86,9;21,74;4,43;30,4;235,1;16,0;23;2532,0;0,132;-9,99;13,9
07/10/2024;13:02:12.765;109,5;76,1;28,27;2,15;46,3;18,9;24,3;15;2944,0;0,03;-9,99;14,3
07/10/2024;13:02:15.246;126,0;85,2;-8,83;0,27;47,9;3,7;7,7;53;6821,0;0,184;-9,99;20,4
07/10/2024;13:02:15.238;124,5;82,0;-8,5;4,66;49,2;3,5;28,7;35;1518,0;0,115;-9,99;8,5
07/10/2024;13:05:43.699;108,0;74,4;13,0;0,69;46,8;122,5;17,0;51;2205,0;0,152;-9,99;12,3
07/10/2024;13:06:41.342;114,0;91,9;9,61;0,11;36,5;147,4;11,3;25;13735,0;0,054;-9,99;25,5
07/10/2024;13:06:41.342;105,0;84,1;10,04;3,78;37,0;147,5;26,1;53;1989,0;0,017;-9,99;11,0
07/10/2024;13:06:41.344;120,0;94,7;7,66;13,28;38,2;347,6;29,5;15;2188,0;0,002;-9,99;9,4
07/10/2024;13:06:41.339;111,0;87,3;7,66;11,72;38,4;347,5;35,5;54;2047,0;0,006;-9,99;9,1
07/10/2024;13:07:10.786;120,0;94,3;8,71;1,14;38,6;342,0;12,8;15;5576,0;0,047;-9,99;19,4
07/10/2024;13:09:05.461;123,0;91,9;24,73;0,26;42,0;22,0;12,8;15;13880,0;0,056;-9,99;26,6
07/10/2024;13:10:48.018;105,0;97,6;-28,05;2,11;21,7;166,3;18,9;25;9088,0;0,014;-9,99;26,3
07/10/2024;13:12:10.320;114,0;110,8;34,61;9,09;13,7;59,6;35,0;45;2011,0;0,011;-9,99;11,3
07/10/2024;13:12:38.405;117,0;86,8;37,64;0,17;42,5;259,9;14,4;25;10026,0;0,068;-9,99;25,1
07/10/2024;13:13:39.093;109,5;86,8;10,71;5,25;37,8;342,6;35,1;15;997,0;0,244;-9,99;6,0
07/10/2024;13:17:54.210;129,0;90,5;5,23;0,25;45,9;325,7;4,2;14;11373,0;0,093;29,57;23,3
07/10/2024;13:18:44.520;103,5;80,4;28,65;8,83;39,3;244,2;36,2;25;2698,0;0,029;-9,99;13,4
07/10/2024;13:19:50.586;115,5;85,1;37,75;2,11;42,9;234,2;28,5;23;5935,0;0,059;-9,99;18,0
07/10/2024;13:20:09.746;124,5;85,6;3,92;0,92;47,0;178,4;22,5;25;9995,0;0,196;-9,99;17,5
07/10/2024;13:21:44.648;126,0;83,3;16,69;1,21;49,0;308,7;14,5;24;5468,0;0,081;-9,99;16,6
07/10/2024;13:22:52.229;126,0;88,9;-9,23;2,79;45,5;286,5;20,2;13;3268,0;0,072;-9,99;15,3
07/10/2024;13:24:35.238;127,5;86,9;25,17;0,85;47,4;0,2;6,7;53;6256,0;0,084;-9,99;19,0
07/10/2024;13:24:38.594;114,0;91,5;-5,41;0,82;36,9;306,9;19,7;52;9780,0;0,045;-9,99;23,9
07/10/2024;13:30:39.205;109,5;92,0;9,31;0,43;33,1;336,4;11,8;15;10040,0;0,069;-9,99;23,2
07/10/2024;13:35:40.675;123,0;89,0;-0,89;3,09;44,0;166,2;18,8;42;9083,0;0,036;-9,99;18,7
07/10/2024;13:37:54.834;118,5;76,5;63,3;5,15;50,2;203,1;12,4;51;2346,0;0,001;-9,99;11,2
07/10/2024;13:37:54.965;124,5;95,7;22,53;0,7;40,1;348,9;13,4;25;12075,0;0,05;-9,99;23,8
07/10/2024;13:38:02.318;112,5;94,1;5,43;0,46;33,5;329,5;9,7;25;9297,0;0,089;-9,99;20,3
07/10/2024;13:38:21.677;118,5;114,8;31,66;12,84;14,5;50,9;31,7;51;2752,0;0,001;-9,99;8,6
07/10/2024;13:38:33.813;112,5;86,5;-30,17;1,12;40,1;149,2;17,7;35;6067,0;0,141;-9,99;16,0
07/10/2024;13:38:33.813;112,5;86,5;-30,17;1,12;40,1;149,2;17,7;35;6067,0;0,141;-9,99;16,3
07/10/2024;13:39:35.133;118,5;94,2;14,2;0,83;37,7;308,4;19,7;52;5958,0;0,09;-9,99;20,7
07/10/2024;13:45:02.440;105,0;94,4;0,67;2,31;26,1;336,4;21,1;13;3710,0;0,051;-9,99;17,7
07/10/2024;13:45:44.885;120,0;86,0;39,23;3,35;44,6;264,6;32,6;14;2138,0;0,09;-9,99;11,6
07/10/2024;13:47:55.053;117,0;88,8;9,02;4,28;41,0;11,7;27,1;15;1377,0;0,091;-9,99;7,9
07/10/2024;13:49:19.490;129,0;85,5;-4,69;0,72;48,9;24,7;13,4;25;4175,0;0,09;-9,99;16,9
07/10/2024;13:52:48.304;114,0;86,4;6,86;0,1;41,1;39,9;6,6;15;7716,0;0,069;-9,99;21,5
07/10/2024;13:55:56.442;126,0;82,2;23,53;4,32;49,7;246,8;26,1;45;1700,0;0,117;-9,99;9,3
07/10/2024;13:56:28.446;114,0;90,2;-22,89;0,21;38,0;243,0;17,7;32;9785,0;0,062;32,01;24,6
07/10/2024;13:57:21.838;127,5;91,7;22,0;4,49;44,4;37,8;24,3;14;1902,0;0,072;-9,99;10,2
07/10/2024;13:59:12.734;106,5;93,5;30,78;7,16;28,8;84,7;37,8;35;2354,0;0,038;-9,99;14,8
07/10/2024;13:59:20.581;126,0;88,7;42,24;0,53;45,7;25,0;13,1;15;4367,0;0,11;-9,99;17,9
07/10/2024;13:59:22.773;120,0;94,5;7,27;3,6;38,4;7,8;23,5;14;1947,0;0,028;-9,99;10,2
07/10/2024;13:59:31.970;124,5;88,3;22,41;1,4;45,2;50,9;15,3;15;1194,0;0,347;-9,99;7,7
07/10/2024;13:59:44.408;106,5;77,4;-7,92;1,65;43,7;40,7;11,5;14;1988,0;0,302;-9,99;10,9
07/10/2024;14:00:11.269;100,5;88,8;22,77;1,04;28,1;334,3;21,0;45;3212,0;0,131;-9,99;17,5
07/10/2024;14:01:00.805;106,5;101,4;17,0;0,06;17,9;304,2;13,9;15;15048,0;0,074;-9,99;27,2
07/10/2024;14:02:16.418;111,0;89,6;37,49;1,07;36,4;26,4;15,1;51;3155,0;0,068;-9,99;15,8
07/10/2024;14:03:48.312;109,5;91,2;-29,98;1,25;33,8;237,6;20,7;14;2692,0;0,081;-9,99;19,0
07/10/2024;14:03:48.710;111,0;90,3;24,96;1,02;35,8;11,1;9,0;24;2057,0;0,097;-9,99;12,2
07/10/2024;14:04:24.114;103,5;82,0;17,92;1,84;37,9;191,6;26,4;15;3347,0;0,065;-9,99;15,5
07/10/2024;14:04:41.373;115,5;93,8;12,98;1,95;36,0;353,8;12,1;25;1933,0;0,066;-9,99;11,2
07/10/2024;14:06:34.586;118,5;85,7;23,72;2,55;44,1;319,4;23,8;52;1309,0;0,13;-9,99;8,6
07/10/2024;14:08:29.438;109,5;89,6;23,51;4,45;35,4;353,4;37,8;13;1063,0;0,113;-9,99;5,6
07/10/2024;14:09:29.317;121,5;86,9;-16,28;1,6;44,7;199,1;22,9;13;2230,0;0,092;-9,99;12,0
07/10/2024;14:09:57.922;105,0;85,8;15,57;0,14;35,5;314,6;15,4;25;7340,0;0,095;-9,99;22,0
07/10/2024;14:09:57.858;112,5;88,8;3,92;1,35;38,2;315,1;20,8;25;1550,0;0,1;-9,99;9,4
07/10/2024;14:09:57.896;102,0;82,6;12,41;1,86;36,2;315,0;22,3;25;1562,0;0,06;-9,99;9,1
07/10/2024;14:09:57.925;114,0;94,4;17,56;5,01;34,4;316,1;31,9;24;1120,0;0,108;-9,99;6,9
07/10/2024;14:09:57.877;108,0;88,9;14,87;4,51;34,8;315,4;29,3;23;1089,0;0,094;-9,99;5,7
07/10/2024;14:10:05.824;124,5;98,0;59,99;0,13;38,4;8,4;7,9;25;14079,0;0,031;-9,99;27,6
07/10/2024;14:10:13.480;106,5;95,2;12,77;2,45;26,8;351,9;20,4;25;2533,0;0,054;-9,99;14,7
07/10/2024;14:12:24.330;111,0;79,1;-12,56;2,06;44,9;28,4;23,2;25;8363,0;0,129;-9,99;15,9
07/10/2024;14:35:37.565;112,5;91,9;28,42;0,74;35,5;8,5;6,8;14;18748,0;0,056;-9,99;23,7
07/10/2024;14:53:16.358;112,5;77,2;17,49;5,87;47,0;200,3;17,1;23;3957,0;0,092;-9,99;9,1
07/10/2024;14:53:44.979;103,5;87,9;37,02;7,18;32,1;2,7;33,0;14;6839,0;0,12;-9,99;14,7
07/10/2024;15:04:50.734;117,0;89,2;-50,04;2,14;40,7;219,4;24,4;53;10666,0;0,113;-9,99;18,9
07/10/2024;15:06:46.366;109,5;94,4;-2,75;3,37;30,7;314,9;28,2;23;4221,0;0,097;-9,99;14,9
07/10/2024;15:10:32.976;102,0;87,8;-38,05;1,18;30,8;186,2;25,6;25;11541,0;0,08;-9,99;20,0
07/10/2024;15:12:45.419;112,5;79,4;-21,38;1,33;45,5;0,8;17,1;13;7070,0;0,193;-9,99;16,7
07/10/2024;15:12:49.742;124,5;91,2;29,25;1,01;43,3;3,5;18,1;13;10913,0;0,068;-9,99;20,0
07/10/2024;15:13:45.315;117,0;88,1;-25,19;7,71;41,5;283,6;26,5;14;3912,0;0,051;-9,99;14,9
07/10/2024;15:15:17.365;100,5;92,0;12,78;2,33;23,9;349,4;21,7;25;10254,0;0,056;-9,99;20,2
07/10/2024;15:18:08.461;127,5;122,3;48,82;9,01;16,5;33,2;14,0;25;5060,0;0,028;-9,99;11,9
07/10/2024;15:20:58.998;126,0;88,2;58,23;1,02;46,0;1,4;14,1;13;14620,0;0,063;-9,99;23,0
07/10/2024;15:21:12.765;126,0;86,2;15,53;1,31;47,2;235,7;29,1;15;8731,0;0,127;-9,99;17,3
07/10/2024;15:22:35.378;124,5;112,4;41,13;1,47;25,7;314,6;19,5;35;5600,0;0,076;-9,99;12,9
07/10/2024;15:22:35.394;115,5;104,0;42,37;0,61;26,0;314,3;15,0;15;34587,0;0,066;-9,99;29,4
07/10/2024;15:23:02.347;120,0;80,8;18,96;1,71;48,1;206,0;18,1;52;7032,0;0,081;-9,99;15,2
07/10/2024;15:26:31.262;126,0;94,8;-20,82;0,69;41,6;321,8;6,7;14;7760,0;0,06;-9,99;22,8
07/10/2024;15:28:09.845;121,5;94,1;-19,57;0,04;39,6;324,6;1,5;14;31109,0;0,731;40,23;28,0
07/10/2024;15:28:09.957;127,5;99,2;-19,75;1,35;39,3;324,8;7,3;14;4903,0;0,671;-9,99;12,6
07/10/2024;15:28:09.859;112,5;87,4;-19,53;0,78;39,4;324,8;7,1;14;4616,0;0,684;-9,99;13,7
07/10/2024;15:28:09.850;124,5;96,8;-19,86;1,07;39,3;324,9;7,9;14;4808,0;0,787;-9,99;10,6
07/10/2024;15:28:34.606;109,5;79,1;-6,04;1,52;44,1;158,0;23,3;15;7030,0;0,198;-9,99;15,9
07/10/2024;15:36:04.462;121,5;92,0;37,22;4,32;41,1;68,3;21,6;42;5212,0;0,059;-9,99;13,4
07/10/2024;15:36:11.083;112,5;88,5;-9,53;4,24;38,4;243,5;32,9;23;3433,0;0,249;-9,99;8,2
07/10/2024;15:36:11.038;100,5;79,0;-8,27;3,68;38,4;243,1;29,2;23;2878,0;0,235;-9,99;7,2
07/10/2024;15:36:20.794;108,0;93,8;1,45;0,11;29,9;6,0;6,4;25;29143,0;0,065;47,86;25,4
07/10/2024;15:36:30.842;112,5;90,5;-11,84;2,07;36,7;331,8;11,5;42;13651,0;0,048;-9,99;20,9
07/10/2024;15:39:00.978;105,0;87,2;30,83;1,53;34,1;335,7;12,5;13;12082,0;0,111;-9,99;20,5
07/10/2024;15:42:23.616;106,5;84,4;-13,33;0,31;37,9;84,8;14,4;13;11627,0;0,229;-9,99;22,6
07/10/2024;15:43:37.374;109,5;89,8;38,8;2,1;35,2;28,2;23,9;15;5555,0;0,107;-9,99;17,0
07/10/2024;15:44:33.130;103,5;95,6;13,7;2,92;22,8;33,9;28,7;13;5727,0;0,039;-9,99;17,7
07/10/2024;15:45:13.277;109,5;87,8;46,46;0,26;37,0;3,8;7,3;15;26209,0;0,138;-9,99;24,0
07/10/2024;15:49:59.749;103,5;95,6;21,45;0,12;22,8;73,7;10,6;15;22417,0;0,082;39,24;28,5
07/10/2024;15:49:59.752;112,5;103,4;20,97;3,21;23,3;73,5;35,4;14;3415,0;0,07;-9,99;12,4
07/10/2024;15:49:59.766;100,5;92,5;21,65;2,7;23,2;73,5;29,9;41;3541,0;0,081;-9,99;13,6
07/10/2024;15:51:37.450;120,0;92,9;-43,52;2,22;39,6;239,4;31,5;32;7222,0;0,074;-9,99;21,1
07/10/2024;15:56:23.426;121,5;91,1;41,42;0,32;41,8;40,9;8,5;25;13666,0;0,061;32,15;24,5
07/10/2024;15:56:37.338;111,0;92,8;-23,49;0,13;33,5;324,9;13,8;25;13220,0;0,13;-9,99;26,6
07/10/2024;15:56:37.325;120,0;100,6;-24,26;4,68;33,4;325,1;30,3;24;1983,0;0,076;-9,99;9,6
07/10/2024;15:56:37.354;102,0;85,9;-24,14;4,32;32,9;324,8;32,4;13;2135,0;0,079;-9,99;9,4
07/10/2024;15:56:37.315;108,0;90,9;-19,12;4,84;32,9;324,9;32,1;31;2199,0;0,041;-9,99;10,4
07/10/2024;15:58:03.829;124,5;87,6;-14,57;2,95;45,7;185,0;20,3;24;2087,0;0,158;-9,99;7,8
07/10/2024;16:06:09.694;126,0;92,3;0,7;0,23;43,3;5,4;9,4;15;13025,0;0,153;-9,99;18,9
07/10/2024;16:09:55.717;129,0;89,2;47,93;0,28;46,6;33,8;12,3;25;14187,0;0,1;-9,99;23,1
07/10/2024;16:10:44.728;127,5;87,2;11,77;5,22;47,3;10,0;38,6;32;2666,0;0,256;-9,99;9,8
07/10/2024;16:11:43.414;123,0;95,1;5,24;2,8;39,7;306,8;23,1;15;5825,0;0,037;-9,99;17,7
07/10/2024;16:15:36.514;118,5;89,4;27,82;8,05;41,4;9,6;34,4;13;3049,0;0,127;-9,99;11,5
07/10/2024;16:24:14.114;121,5;98,4;-27,1;3,61;36,2;355,4;18,7;25;9402,0;0,041;-9,99;19,4
07/10/2024;16:25:15.014;127,5;86,3;-4,73;4,79;47,8;321,0;33,2;23;3234,0;0,145;-9,99;12,2
07/10/2024;16:26:03.082;117,0;78,7;19,39;2,17;48,1;237,0;30,5;15;3582,0;0,166;-9,99;10,6
07/10/2024;16:26:04.603;112,5;49,3;12,52;5,04;64,5;93,8;37,5;14;5166,0;0,062;-9,99;17,8
07/10/2024;16:30:25.400;117,0;93,5;-26,02;1,42;37,2;331,1;13,7;24;7727,0;0,069;-9,99;21,2
07/10/2024;16:38:04.200;115,5;92,8;28,89;1,65;36,8;147,3;17,9;25;8580,0;0,037;-9,99;18,9
07/10/2024;16:46:52.565;120,0;88,0;21,36;1,62;43,2;334,9;19,1;23;7824,0;0,06;-9,99;17,3
07/10/2024;16:47:01.941;123,0;84,0;33,92;7,8;47,3;358,8;22,1;25;3106,0;0,094;-9,99;11,4
07/10/2024;16:50:19.771;123,0;88,8;-50,27;0,21;44,1;235,1;26,0;25;6543,0;0,064;45,77;22,0
07/10/2024;16:50:26.523;105,0;86,0;-16,57;0,58;35,3;130,7;18,2;31;2049,0;0,198;-9,99;11,4
07/10/2024;16:50:38.072;109,5;78,7;28,8;0,58;44,4;311,8;10,5;25;2662,0;0,141;-9,99;18,2
07/10/2024;16:50:54.190;124,5;88,5;-47,04;1,39;45,1;341,5;14,2;15;1707,0;0,116;-9,99;9,3
07/10/2024;16:50:58.382;114,0;91,8;-20,58;0,45;36,7;272,9;7,0;25;4641,0;0,049;-9,99;20,2
07/10/2024;16:51:35.874;111,0;87,9;34,94;1,76;37,9;36,8;10,4;15;1620,0;0,189;-9,99;10,0
07/10/2024;16:52:03.534;118,5;89,1;-7,24;0,07;41,6;347,0;8,4;15;10271,0;0,069;39,89;24,2
07/10/2024;16:53:50.734;102,0;92,5;2,58;1,26;25,1;90,0;18,8;25;3615,0;0,029;-9,99;19,9
07/10/2024;16:55:13.658;103,5;88,6;-13,16;5,35;31,3;338,6;36,8;14;1005,0;0,101;-9,99;5,7
07/10/2024;16:55:15.666;126,0;84,3;-22,9;1,36;48,4;134,0;19,0;25;1015,0;0,153;-9,99;7,8
07/10/2024;16:55:49.254;118,5;100,5;50,34;0,48;32,3;255,8;10,6;15;4408,0;0,037;-9,99;24,3
07/10/2024;16:56:02.280;115,5;88,9;-36,04;0,06;40,0;285,6;8,3;15;7061,0;0,153;-9,99;25,2
07/10/2024;16:56:02.408;121,5;93,8;-35,69;2,03;39,8;285,7;22,3;15;1149,0;0,156;-9,99;8,9
07/10/2024;16:56:02.392;112,5;86,6;-35,04;1,76;40,0;285,8;14,4;15;1137,0;0,176;-9,99;8,4
07/10/2024;16:56:02.341;124,5;95,6;-34,74;1,68;40,2;285,7;15,3;15;1120,0;0,17;-9,99;9,3
07/10/2024;16:56:04.240;109,5;87,6;28,76;1,41;37,1;29,6;12,2;42;1671,0;0,123;-9,99;10,4
07/10/2024;16:56:57.650;118,5;76,8;9,97;0,54;50,0;341,1;10,9;51;2352,0;0,257;-9,99;12,6
07/10/2024;16:57:29.654;120,0;87,7;23,42;1,76;43,4;2,5;17,9;25;1359,0;0,169;-9,99;9,8
07/10/2024;16:58:18.323;124,5;96,1;19,57;0,77;39,9;223,7;12,5;25;3286,0;0,077;-9,99;19,5
07/10/2024;16:59:02.757;114,0;84,0;29,35;1,13;42,9;359,8;20,0;14;2262,0;0,208;-9,99;11,4
07/10/2024;16:59:02.757;112,5;83,2;25,14;3,09;42,7;0,6;29,2;14;1510,0;0,186;-9,99;8,0
07/10/2024;16:59:20.134;105,0;84,4;17,41;1,43;36,8;337,5;13,9;14;1113,0;0,297;-9,99;7,8
07/10/2024;17:02:53.075;100,5;86,2;25,84;2,18;31,1;355,4;11,3;24;1305,0;0,176;-9,99;8,3
07/10/2024;17:03:59.842;129,0;81,9;-6,47;1,58;51,0;156,7;22,7;14;1420,0;0,09;-9,99;8,8
07/10/2024;17:06:46.837;117,0;78,6;9,17;2,76;48,2;8,0;29,9;45;1485,0;0,126;-9,99;8,1
07/10/2024;17:07:24.117;105,0;91,4;-31,5;2,87;29,7;324,5;21,9;25;1563,0;0,09;-9,99;11,1
07/10/2024;17:07:28.202;123,0;87,9;-3,43;2,32;44,8;7,3;28,7;45;1173,0;0,121;-9,99;6,3
07/10/2024;17:07:32.694;100,5;85,5;28,13;5,41;32,0;351,9;23,4;53;1008,0;0,235;-9,99;5,6
07/10/2024;17:08:21.864;127,5;83,0;26,07;0,51;49,8;349,4;12,1;25;5816,0;0,13;-9,99;19,0
07/10/2024;17:09:19.658;127,5;94,0;-16,05;3,88;42,9;330,0;19,2;13;2067,0;0,019;-9,99;10,0
07/10/2024;17:09:44.186;117,0;87,9;0,92;0,55;41,7;329,5;2,3;25;2375,0;0,089;-9,99;12,5
07/10/2024;17:11:27.154;114,0;90,4;-29,93;2,76;37,9;336,6;24,2;23;2042,0;0,111;-9,99;11,1
07/10/2024;17:12:44.859;121,5;60,6;-41,98;4,99;60,5;94,4;34,8;24;2346,0;0,029;-9,99;16,7
07/10/2024;17:12:46.728;106,5;91,3;-16,41;0,62;31,2;241,1;18,6;25;2656,0;0,239;-9,99;13,8
07/10/2024;17:16:07.797;105,0;82,3;18,64;1,62;38,7;324,3;13,2;25;1464,0;0,357;-9,99;8,6
07/10/2024;17:16:31.504;112,5;91,7;-38,69;2,57;35,7;344,3;13,6;42;2595,0;0,067;-9,99;13,5
07/10/2024;17:19:33.880;103,5;86,3;38,25;0,25;33,7;45,5;13,1;51;8317,0;0,088;-9,99;14,9
07/10/2024;17:20:00.478;103,5;85,7;26,55;1,15;34,3;13,2;9,2;25;3363,0;0,152;-9,99;15,6
07/10/2024;17:21:47.630;127,5;59,8;11,88;4,09;62,5;96,3;37,6;24;2613,0;0,033;-9,99;18,5
07/10/2024;17:22:06.872;118,5;86,7;-18,91;4,47;43,3;320,3;15,3;52;1634,0;0,111;-9,99;10,2
07/10/2024;17:22:18.482;126,0;92,6;-37,62;0,32;43,1;356,8;7,5;25;9989,0;0,055;-9,99;24,1
07/10/2024;17:22:18.480;127,5;94,4;-34,21;6,04;42,6;358,4;36,2;41;2482,0;0,059;-9,99;12,2
07/10/2024;17:22:29.443;123,0;90,9;-31,63;0,36;42,8;324,3;4,8;25;7303,0;0,07;-9,99;21,1
07/10/2024;17:22:29.443;124,5;91,2;-31,53;1,85;43,3;324,6;16,5;52;2570,0;0,064;-9,99;12,4
07/10/2024;17:24:19.934;123,0;89,7;-2,82;0,63;43,5;13,5;16,6;15;6960,0;0,071;-9,99;20,3
07/10/2024;17:24:25.816;100,5;92,2;-28,07;4,43;23,6;350,9;33,2;45;1848,0;0,105;-9,99;10,0
07/10/2024;17:27:05.562;100,5;76,7;17,78;3,26;40,6;5,3;17,5;52;2142,0;0,094;-9,99;12,0
07/10/2024;17:28:40.299;123,0;87,8;-16,05;1,32;44,9;327,0;11,3;25;3576,0;0,09;-9,99;13,1
07/10/2024;17:29:36.474;111,0;82,2;14,08;0,43;42,6;295,9;16,8;31;3813,0;0,142;-9,99;17,0
07/10/2024;17:30:15.589;115,5;81,2;28,02;2,66;45,7;20,9;25,8;32;2884,0;0,091;-9,99;12,1
07/10/2024;17:30:54.813;123,0;64,1;4,66;4,52;59,1;65,6;35,6;14;1867,0;0,177;-9,99;8,1
07/10/2024;17:31:35.016;126,0;80,3;16,2;0,68;50,9;69,3;10,6;25;2819,0;0,203;-9,99;13,4
07/10/2024;17:33:14.736;123,0;85,8;3,78;1,86;46,2;284,1;21,1;25;2656,0;0,085;-9,99;15,3
07/10/2024;17:33:30.925;105,0;95,3;-0,34;1,29;25,0;313,1;20,8;25;7477,0;0,032;-9,99;23,3
07/10/2024;17:34:28.629;105,0;86,5;-12,87;0,7;34,8;314,0;18,8;15;1607,0;0,714;-9,99;3,2
07/10/2024;17:34:29.109;105,0;86,5;-13,57;0,8;34,8;314,0;19,8;15;2725,0;0,43;-9,99;7,7
07/10/2024;17:35:04.898;120,0;92,6;-31,81;4,34;39,9;10,5;32,3;52;2287,0;0,086;-9,99;10,5
07/10/2024;17:37:57.142;103,5;90,6;-7,55;1,94;29,2;265,9;13,1;13;2731,0;0,075;-9,99;16,8
07/10/2024;17:45:15.254;108,0;87,9;-8,63;1,9;35,8;347,3;13,4;14;3619,0;0,137;-9,99;15,8
07/10/2024;17:48:45.936;117,0;99,6;38,09;0,12;31,9;282,7;9,0;15;12825,0;0,077;-9,99;28,1
07/10/2024;17:48:45.963;126,0;107,5;37,26;3,12;31,7;283,2;9,1;23;1955,0;0,068;-9,99;12,3
07/10/2024;17:50:58.845;106,5;86,8;19,5;0,06;35,7;359,4;7,7;25;11476,0;0,113;-9,99;25,3
07/10/2024;17:58:54.232;100,5;89,3;17,18;1,26;27,5;46,2;18,3;53;3108,0;0,149;-9,99;17,6
07/10/2024;18:00:23.608;120,0;89,3;21,92;0,33;42,3;44,0;8,2;15;8325,0;0,065;-9,99;22,8
07/10/2024;18:02:29.728;102,0;88,3;11,08;1,15;30,2;27,8;12,4;54;2858,0;0,156;-9,99;15,1
07/10/2024;18:02:55.290;114,0;83,5;38,79;4,58;43,2;35,1;34,0;25;1424,0;0,332;-9,99;7,6
07/10/2024;18:06:52.672;112,5;90,9;-26,26;0,04;36,4;1,8;8,1;25;16824,0;0,106;28,15;28,8
07/10/2024;18:06:52.672;115,5;93,4;-26,13;1,23;36,4;1,7;16,9;25;2489,0;0,092;-9,99;12,4
07/10/2024;18:06:52.670;106,5;86,1;-26,37;1,1;36,3;2,1;15,8;25;2571,0;0,092;-9,99;12,1
07/10/2024;18:06:52.670;103,5;83,7;-25,54;1,11;36,3;1,7;17,3;25;2415,0;0,09;-9,99;11,8
07/10/2024;18:06:55.314;109,5;96,2;8,39;1,07;28,8;305,9;18,0;25;6545,0;0,021;-9,99;22,3
07/10/2024;18:07:14.331;121,5;92,7;-30,28;0,13;40,6;325,2;2,8;52;6018,0;0,15;-9,99;21,7
07/10/2024;18:07:14.291;112,5;84,1;-29,73;4,38;41,9;325,5;20,9;25;1192,0;0,109;-9,99;6,4
07/10/2024;18:07:29.774;111,0;90,9;-36,25;3,6;35,3;33,8;22,9;14;2044,0;0,055;-9,99;11,1
07/10/2024;18:08:02.782;105,0;68,7;-35,41;9,1;49,5;116,4;25,3;31;999,0;0,006;-9,99;2,5
07/10/2024;18:11:31.213;117,0;91,0;-43,75;5,67;39,3;338,1;38,8;23;2585,0;0,066;-9,99;12,9
07/10/2024;18:12:01.931;112,5;94,1;-16,4;0,32;33,5;13,9;6,7;25;12204,0;0,033;-9,99;25,4
07/10/2024;18:12:03.440;102,0;88,8;-17,93;0,55;29,6;322,5;16,2;25;4666,0;0,122;-9,99;21,3
07/10/2024;18:12:05.344;114,0;81,1;21,15;6,27;45,0;310,6;36,9;51;1692,0;0,083;-9,99;9,5
07/10/2024;18:13:17.043;109,5;90,1;-25,75;3,79;34,9;337,0;28,4;15;1686,0;0,166;-9,99;10,2
07/10/2024;18:14:08.643;120,0;99,7;7,77;0,78;34,2;97,7;17,6;23;5327,0;0,047;-9,99;23,5
07/10/2024;18:14:25.610;121,5;91,4;-22,47;3,49;41,6;347,0;37,0;23;1168,0;0,155;-9,99;5,7
07/10/2024;18:15:18.680;109,5;104,8;19,52;1,65;17,1;54,9;28,3;41;2621,0;0,086;-9,99;15,3
07/10/2024;18:16:22.866;108,0;84,2;4,85;0,37;39,1;335,9;3,1;23;5904,0;0,118;-9,99;20,3
07/10/2024;18:16:22.864;109,5;84,9;4,05;4,4;39,4;336,2;34,7;23;1802,0;0,142;-9,99;10,0
07/10/2024;18:17:04.298;115,5;85,3;-1,58;0,05;42,8;307,7;11,9;25;10453,0;0,134;-9,99;22,5
07/10/2024;18:17:04.331;112,5;83,4;-0,71;2,02;42,5;307,3;14,0;45;1666,0;0,118;-9,99;9,9
07/10/2024;18:17:04.309;121,5;89,8;-1,66;2,18;42,7;307,1;19,2;45;1728,0;0,114;-9,99;11,0
07/10/2024;18:17:07.037;115,5;86,3;33,76;0,23;42,0;19,3;10,9;15;6137,0;0,192;-9,99;20,6
07/10/2024;18:19:32.726;124,5;82,3;58,3;0,3;49,0;124,5;13,3;25;2803,0;0,272;-9,99;14,3
07/10/2024;18:20:00.213;129,0;102,5;-0,3;6,41;37,8;356,5;27,4;42;1288,0;0,101;-9,99;7,3
07/10/2024;18:22:18.186;103,5;98,8;38,19;9,86;17,4;179,0;36,3;32;1046,0;0,085;-9,99;8,7
07/10/2024;18:23:42.874;127,5;86,1;46,56;0,8;47,9;49,5;6,8;25;4481,0;0,138;-9,99;17,9
07/10/2024;18:26:58.734;108,0;77,7;7,04;2,2;44,4;113,0;16,0;51;2175,0;0,075;-9,99;12,9
07/10/2024;18:26:58.734;108,0;77,7;7,04;2,2;44,4;113,0;16,0;15;2175,0;0,075;-9,99;12,5
07/10/2024;18:28:54.022;121,5;85,2;-45,78;2,61;45,8;352,8;23,3;25;1972,0;0,096;-9,99;11,2
07/10/2024;18:32:43.886;129,0;90,5;-11,18;11,62;45,9;117,3;35,8;54;1141,0;0,013;-9,99;7,2
07/10/2024;18:33:14.997;105,0;86,1;32,08;0,57;35,1;43,1;10,0;45;5975,0;0,079;23,5;20,5
07/10/2024;18:35:14.653;105,0;92,6;-32,04;1,48;28,4;56,2;18,4;32;4566,0;0,047;-9,99;19,4
07/10/2024;18:35:33.506;129,0;79,9;-13,78;1,56;52,2;82,2;20,6;41;2572,0;0,083;-9,99;12,9
07/10/2024;18:36:34.331;108,0;77,5;8,03;1,42;44,5;1,9;11,6;25;1770,0;0,407;-9,99;11,4
07/10/2024;18:37:37.966;126,0;75,4;17,12;4,37;53,7;24,8;30,5;52;1154,0;0,351;-9,99;4,3
07/10/2024;18:38:04.488;105,0;80,0;18,34;6,86;40,7;29,0;38,7;13;1245,0;0,507;-9,99;6,4
07/10/2024;18:42:53.672;102,0;87,2;29,03;4,07;31,5;63,7;28,9;51;1876,0;0,149;-9,99;13,0
07/10/2024;18:49:39.909;114,0;91,2;-33,87;0,47;37,2;53,4;16,8;15;6236,0;0,054;-9,99;21,2
07/10/2024;18:50:48.861;120,0;89,7;-41,9;2,54;42,0;38,6;17,3;24;2235,0;0,107;-9,99;12,7
07/10/2024;18:52:00.654;118,5;82,9;36,04;0,18;46,0;98,5;12,4;25;4708,0;0,224;-9,99;19,3
07/10/2024;18:52:00.691;120,0;84,0;36,14;0,72;46,0;98,6;12,5;25;2439,0;0,225;-9,99;14,1
07/10/2024;18:53:33.298;106,5;73,9;14,12;7,18;46,4;325,7;36,4;13;1033,0;0,019;-9,99;4,8
07/10/2024;18:54:19.834;103,5;83,4;7,7;3,65;36,6;334,8;25,7;14;1770,0;0,127;-9,99;10,5
07/10/2024;18:54:46.146;109,5;91,5;-22,44;0,2;33,6;348,9;6,0;25;12800,0;0,049;44,02;26,2
07/10/2024;18:55:20.152;103,5;66,1;20,52;5,68;50,7;81,5;30,7;24;1264,0;0,128;-9,99;8,1
07/10/2024;18:55:38.938;100,5;92,1;7,45;3,45;23,8;278,8;20,0;23;2578,0;0,094;-9,99;17,1
07/10/2024;18:56:27.139;118,5;84,4;50,96;1,31;45,0;38,5;15,8;41;3385,0;0,118;-9,99;15,5
07/10/2024;18:58:42.259;127,5;117,8;15,47;4,41;22,7;70,8;23,8;13;903,0;0,002;-9,99;2,7
07/10/2024;19:03:38.918;123,0;79,9;34,58;2,55;49,9;4,0;21,7;13;1561,0;0,34;-9,99;8,1
07/10/2024;19:04:09.525;111,0;87,4;18,4;0,17;38,4;20,3;9,4;15;8719,0;0,109;-9,99;23,4
07/10/2024;19:07:01.794;115,5;94,3;-6,19;1,96;35,6;14,1;14,7;14;5343,0;0,026;-9,99;18,3
07/10/2024;19:10:40.005;111,0;83,9;4,45;4,0;41,3;19,7;37,6;13;2298,0;0,141;-9,99;11,8
07/10/2024;19:11:12.838;123,0;83,5;-18,59;1,37;47,6;309,0;13,2;45;2783,0;0,163;-9,99;16,5
07/10/2024;19:11:55.888;118,5;77,8;32,51;4,02;49,3;11,3;29,0;35;1968,0;0,292;-9,99;10,6
07/10/2024;19:13:45.552;114,0;95,6;40,79;0,2;33,2;277,9;14,9;15;6405,0;0,163;-9,99;23,2
07/10/2024;19:15:14.675;124,5;88,5;36,48;3,01;45,1;146,8;21,5;24;2291,0;0,182;-9,99;12,3
07/10/2024;19:15:45.064;124,5;85,5;6,8;0,78;47,0;6,0;7,9;35;5257,0;0,065;-9,99;18,7
07/10/2024;19:19:11.171;124,5;84,6;30,66;1,28;47,6;96,9;14,4;23;2362,0;0,18;-9,99;16,2
07/10/2024;19:24:36.021;123,0;79,2;38,65;4,68;50,3;356,0;36,9;23;1518,0;0,245;-9,99;8,4
07/10/2024;19:31:03.440;127,5;87,9;-29,58;0,25;46,8;307,0;12,9;45;5771,0;0,156;-9,99;20,5
07/10/2024;19:35:41.734;117,0;88,6;-22,56;0,02;41,2;350,5;7,0;25;24479,0;0,219;-9,99;31,4
07/10/2024;19:35:41.720;123,0;93,2;-22,55;0,33;41,1;350,5;6,6;25;3768,0;0,222;-9,99;15,2
07/10/2024;19:36:40.618;117,0;80,0;-17,85;0,44;47,2;183,4;15,1;14;3878,0;0,225;-9,99;17,9
07/10/2024;19:41:13.125;105,0;86,1;-0,38;2,13;35,2;263,3;19,0;13;3486,0;0,058;-9,99;18,8
07/10/2024;19:44:09.693;114,0;82,6;-0,47;0,53;43,9;331,1;6,3;15;4363,0;0,19;-9,99;17,3
07/10/2024;19:45:51.158;129,0;80,7;15,75;5,2;51,7;77,1;28,5;25;1331,0;0,107;-9,99;8,0
07/10/2024;19:45:54.362;111,0;76,1;37,51;0,23;47,1;59,4;14,6;25;7038,0;0,074;-9,99;21,9
07/10/2024;19:48:26.554;102,0;93,7;37,91;0,07;23,4;290,9;10,7;15;18083,0;0,039;32,21;30,2
07/10/2024;19:48:26.552;111,0;102,4;39,77;3,33;22,9;291,6;28,9;14;2494,0;0,043;-9,99;13,1
07/10/2024;19:48:26.550;105,0;96,8;37,81;3,02;23,0;291,4;32,4;14;2678,0;0,048;-9,99;13,8
07/10/2024;19:50:56.344;106,5;92,9;-23,1;3,92;29,5;86,7;27,9;41;2123,0;0,094;-9,99;17,6
07/10/2024;19:51:07.333;129,0;86,4;4,74;0,35;48,4;20,0;12,6;15;5774,0;0,168;-9,99;19,0
07/10/2024;19:51:55.984;112,5;87,0;-21,05;4,1;39,7;338,9;29,3;13;1617,0;0,254;-9,99;10,1
07/10/2024;19:53:25.054;114,0;91,9;32,93;3,57;36,6;204,1;29,3;23;1538,0;0,141;-9,99;10,9
07/10/2024;19:55:49.320;108,0;89,7;-33,52;1,46;34,2;23,5;12,8;14;2810,0;0,112;-9,99;14,0
07/10/2024;20:05:00.200;111,0;93,3;-21,61;5,9;33,1;33,6;35,5;45;1599,0;0,043;-9,99;10,7
07/10/2024;20:05:17.701;121,5;94,1;-1,49;0,18;39,6;34,7;4,9;15;8934,0;0,058;25,73;22,7
07/10/2024;20:05:17.698;123,0;94,8;-1,14;3,17;39,9;34,0;26,4;24;2323,0;0,066;-9,99;11,3
07/10/2024;20:13:47.062;106,5;92,3;-27,2;2,19;30,2;22,8;15,9;14;3647,0;0,064;-9,99;17,5
07/10/2024;20:14:25.251;117,0;84,8;28,44;4,11;43,9;149,1;30,7;24;1427,0;0,293;-9,99;7,9
07/10/2024;20:15:35.787;117,0;80,2;20,74;4,96;47,1;19,0;17,4;25;2644,0;0,07;-9,99;10,0
07/10/2024;20:16:27.485;120,0;80,1;-18,98;4,68;48,5;174,1;38,8;15;2068,0;0,153;-9,99;9,8
07/10/2024;20:17:08.157;102,0;80,6;19,44;0,32;38,1;82,0;16,4;42;6922,0;0,123;21,85;22,4
07/10/2024;20:18:37.619;127,5;80,5;43,19;3,32;51,3;123,7;19,8;13;2184,0;0,158;-9,99;10,5
07/10/2024;20:21:33.638;108,0;94,8;0,35;3,31;28,9;21,4;30,2;54;2975,0;0,064;-9,99;18,0
07/10/2024;20:23:16.971;103,5;92,0;-28,62;3,65;27,5;109,5;32,3;25;2303,0;0,059;-9,99;14,9
07/10/2024;20:25:26.450;118,5;79,5;-41,61;0,77;48,3;266,5;15,1;53;4481,0;0,043;-9,99;22,7
07/10/2024;20:27:28.384;111,0;96,2;-21,89;0,15;30,1;113,7;16,5;52;13361,0;0,042;28,31;28,2
07/10/2024;20:28:21.453;100,5;85,3;-18,49;3,46;32,2;348,9;31,6;24;1611,0;0,296;-9,99;9,8
07/10/2024;20:33:17.643;108,0;86,9;-9,0;6,12;36,7;172,8;25,7;54;1333,0;0,095;-9,99;8,1
07/10/2024;20:39:24.269;100,5;84,6;60,54;4,67;32,9;178,6;34,2;15;2306,0;0,023;-9,99;13,0
07/10/2024;20:50:06.182;117,0;88,1;22,06;0,53;41,5;107,3;16,6;13;2050,0;0,529;-9,99;10,9
07/10/2024;20:54:15.834;112,5;98,7;0,31;3,96;29,0;352,6;33,6;45;3407,0;0,022;-9,99;17,0
07/10/2024;20:55:49.606;114,0;76,1;-16,89;2,97;48,5;268,3;27,7;53;2753,0;0,137;-9,99;13,5
07/10/2024;20:58:42.042;115,5;91,9;0,55;1,4;37,6;346,6;14,0;42;4268,0;0,082;-9,99;15,7
07/10/2024;20:59:02.936;103,5;85,4;-19,05;0,66;34,6;319,9;17,5;15;4747,0;0,191;-9,99;17,9
07/10/2024;21:07:24.946;106,5;87,3;-9,16;0,13;35,2;339,1;7,5;15;15736,0;0,086;26,64;25,6
07/10/2024;21:07:24.944;103,5;83,6;-8,44;5,18;36,4;340,2;39,9;23;2449,0;0,147;-9,99;10,2
07/10/2024;21:07:34.181;112,5;86,8;-19,01;0,84;39,9;1,1;11,4;51;4578,0;0,147;-9,99;16,9
07/10/2024;21:07:34.181;111,0;86,3;-16,41;3,91;39,2;2,3;22,3;13;2194,0;0,123;-9,99;10,4
07/10/2024;21:10:10.606;115,5;93,6;24,75;5,03;36,2;343,7;35,7;15;2691,0;0,04;-9,99;12,8
07/10/2024;21:11:17.293;100,5;95,6;-11,16;8,89;18,1;299,3;30,9;42;1406,0;0,023;-9,99;14,2
07/10/2024;21:11:43.429;115,5;95,3;-3,31;1,5;34,7;35,6;13,2;45;3927,0;0,041;-9,99;18,0
07/10/2024;21:18:37.235;115,5;79,2;-13,32;0,12;47,1;154,1;8,4;15;7581,0;0,159;-9,99;20,6
07/10/2024;21:18:37.229;114,0;76,3;-12,24;3,67;48,4;154,7;24,4;14;1633,0;0,138;-9,99;7,6
07/10/2024;21:18:37.221;112,5;74,7;-10,31;4,96;48,8;154,0;29,6;53;1379,0;0,179;-9,99;6,8
07/10/2024;21:18:37.235;121,5;83,1;-13,01;4,83;47,2;153,9;34,6;54;1398,0;0,169;-9,99;6,4
07/10/2024;21:23:53.578;111,0;83,9;-0,11;0,13;41,2;208,8;15,9;25;4622,0;0,263;-9,99;13,4
07/10/2024;21:26:03.546;106,5;81,8;9,17;0,79;40,1;350,4;10,8;15;3486,0;0,15;-9,99;13,6
07/10/2024;21:26:03.546;106,5;81,8;9,17;0,79;40,1;350,4;10,7;15;3488,0;0,15;-9,99;13,8
07/10/2024;21:32:24.882;124,5;90,0;-26,83;3,17;44,1;113,8;31,8;15;2214,0;0,113;-9,99;11,1
07/10/2024;21:34:35.750;114,0;87,7;-13,46;2,71;40,0;3,6;18,8;14;1434,0;0,23;-9,99;7,8
07/10/2024;21:38:33.072;108,0;79,5;42,64;1,25;42,9;53,8;19,9;45;3231,0;0,074;-9,99;14,6
07/10/2024;21:40:23.544;118,5;78,3;1,86;1,6;49,1;158,6;14,8;52;2536,0;0,055;-9,99;12,2
07/10/2024;21:40:27.278;102,0;84,3;-8,69;0,27;34,5;280,2;7,8;24;5126,0;0,148;16,07;21,4
07/10/2024;22:02:11.560;115,5;86,1;-7,78;0,32;42,1;335,1;5,4;15;3640,0;0,196;-9,99;16,2
07/10/2024;22:03:31.859;109,5;87,6;-6,57;3,81;37,2;26,8;30,2;14;1411,0;0,109;-9,99;8,7
07/10/2024;22:04:10.021;108,0;84,8;11,66;0,37;38,5;196,5;12,2;51;4420,0;0,126;-9,99;17,1
07/10/2024;22:04:52.338;126,0;86,7;24,56;0,96;46,9;30,1;11,5;14;1557,0;0,08;-9,99;3,9
07/10/2024;22:04:59.642;129,0;87,6;14,69;3,27;47,6;30,6;29,4;14;1026,0;0,063;-9,99;3,0
07/10/2024;22:05:01.187;126,0;85,4;8,13;1,57;47,7;30,2;11,0;25;1179,0;0,122;-9,99;2,3
07/10/2024;22:05:03.918;117,0;84,8;13,02;1,77;43,9;182,1;27,0;13;1628,0;0,161;-9,99;9,8
07/10/2024;22:05:11.517;100,5;85,9;-3,85;4,2;31,5;149,3;35,1;13;1294,0;0,209;-9,99;8,2
07/10/2024;22:07:01.078;112,5;91,9;-10,65;0,97;35,5;96,1;14,1;14;3631,0;0,065;-9,99;16,6
07/10/2024;22:09:21.176;111,0;84,5;-0,56;0,2;40,7;349,6;6,5;15;5036,0;0,215;-9,99;18,7
07/10/2024;22:18:22.050;112,5;86,1;-13,16;4,11;40,4;35,5;27,4;25;1445,0;0,081;-9,99;8,9
07/10/2024;22:18:33.434;109,5;87,6;-33,64;2,43;37,1;89,8;12,3;54;2117,0;0,087;-9,99;13,2
07/10/2024;22:19:57.686;111,0;85,2;9,42;0,32;40,2;155,1;9,1;25;2966,0;0,244;-9,99;14,4
07/10/2024;22:21:46.651;108,0;94,2;26,07;3,71;29,5;41,9;36,6;54;1997,0;0,07;-9,99;12,8
07/10/2024;22:23:10.210;109,5;88,5;7,27;0,46;36,3;248,6;20,7;25;4921,0;0,091;-9,99;18,5
07/10/2024;22:23:53.893;103,5;91,3;-20,05;0,76;28,3;160,1;16,7;15;3367,0;0,076;-9,99;15,9
07/10/2024;22:24:34.307;108,0;97,9;-19,73;0,06;25,2;116,7;15,5;25;18142,0;0,096;23,0;30,5
07/10/2024;22:24:34.296;111,0;100,6;-19,73;0,47;25,2;116,6;19,2;52;2617,0;0,093;-9,99;15,2
07/10/2024;22:24:34.286;114,0;103,3;-20,23;0,35;25,3;116,6;16,9;25;2894,0;0,097;-9,99;15,5
07/10/2024;22:24:34.269;105,0;95,2;-19,15;0,46;25,2;116,9;20,5;25;2818,0;0,089;-9,99;15,5
07/10/2024;22:24:58.976;118,5;90,7;24,02;4,16;40,4;322,3;24,7;51;1160,0;0,067;-9,99;7,6
07/10/2024;22:28:10.714;105,0;87,6;-1,69;0,08;33,7;181,1;13,6;25;9380,0;0,132;-9,99;20,4
07/10/2024;22:28:10.714;103,5;86,5;-1,39;1,23;33,6;180,5;12,6;51;2883,0;0,119;-9,99;12,7
07/10/2024;22:28:10.749;114,0;95,8;-0,53;4,78;33,1;180,5;33,7;53;1266,0;0,14;-9,99;5,1
07/10/2024;22:28:10.714;102,0;85,6;-1,93;2,91;33,2;180,8;24,2;35;1748,0;0,151;-9,99;8,4
07/10/2024;22:32:11.043;102,0;79,6;10,71;2,88;39,0;297,9;25,4;23;2175,0;0,066;-9,99;11,4
07/10/2024;22:34:14.160;126,0;86,3;3,47;0,95;47,2;116,9;15,1;15;2505,0;0,135;-9,99;12,6
07/10/2024;22:36:37.486;100,5;80,7;-15,84;7,45;36,8;177,1;36,7;35;933,0;0,147;-9,99;5,3
07/10/2024;22:39:27.253;126,0;88,3;-18,85;2,11;45,9;51,4;15,2;25;3108,0;0,169;-9,99;16,4
07/10/2024;22:40:30.718;124,5;84,5;-14,72;3,57;47,7;241,8;30,3;25;1725,0;0,063;-9,99;9,7
07/10/2024;22:41:19.078;105,0;96,3;-4,51;3,41;23,7;214,4;25,0;15;1221,0;0,113;-9,99;10,3
07/10/2024;22:41:19.078;105,0;96,3;-4,63;3,49;23,7;214,4;24,9;51;1207,0;0,113;-9,99;7,2
07/10/2024;22:41:19.078;105,0;96,3;-4,7;3,53;23,7;214,4;25,4;15;1196,0;0,113;-9,99;4,6
07/10/2024;22:42:37.718;126,0;91,4;3,66;1,27;43,9;45,5;10,4;52;3762,0;0,074;-9,99;18,3
07/10/2024;22:44:37.459;105,0;90,0;9,52;2,97;31,3;24,1;28,8;14;1954,0;0,092;-9,99;12,7
07/10/2024;22:45:36.702;121,5;88,6;-13,78;1,61;43,6;177,1;29,6;13;2886,0;0,12;-9,99;15,6
07/10/2024;22:50:49.694;103,5;82,3;8,78;0,74;37,7;146,6;13,6;32;2442,0;0,31;-9,99;14,1
07/10/2024;22:52:59.845;102,0;86,7;-8,02;2,71;32,0;87,1;23,4;41;1442,0;0,11;-9,99;13,3
07/10/2024;23:00:51.771;106,5;80,5;8,69;4,72;41,2;148,7;39,1;13;1112,0;0,295;-9,99;7,2
07/10/2024;23:04:37.198;106,5;101,3;-27,86;6,72;18,2;173,0;19,8;32;1317,0;0,085;-9,99;7,9
07/10/2024;23:07:18.288;127,5;78,2;-6,21;0,45;52,6;138,0;10,2;25;4330,0;0,137;-9,99;19,1
07/10/2024;23:07:18.323;129,0;82,4;-7,69;7,52;50,8;137,4;37,3;53;1138,0;0,109;-9,99;7,0
07/10/2024;23:07:23.968;103,5;83,3;-8,28;0,68;36,7;3,0;14,6;25;2107,0;0,314;-9,99;11,7
07/10/2024;23:15:28.638;108,0;94,2;-11,44;0,19;29,6;131,8;15,4;14;8065,0;0,044;21,67;24,8
07/10/2024;23:15:37.686;124,5;91,0;25,21;2,08;43,4;353,8;18,2;25;2020,0;0,138;-9,99;12,4
07/10/2024;23:15:48.098;106,5;82,9;-7,56;1,59;39,2;348,6;20,2;23;2702,0;0,234;-9,99;13,5
07/10/2024;23:18:05.997;126,0;87,8;23,91;0,11;46,2;264,6;13,9;32;5770,0;0,247;14,54;27,8
07/10/2024;23:18:06.000;123,0;85,7;23,26;1,74;46,2;264,8;19,4;52;1055,0;0,233;-9,99;11,7
07/10/2024;23:18:05.992;117,0;81,0;22,59;1,65;46,6;264,6;13,8;23;965,0;0,219;-9,99;11,0
07/10/2024;23:18:50.392;120,0;82,9;-2,72;1,35;46,7;98,6;16,3;54;1962,0;0,103;-9,99;11,6
07/10/2024;23:19:17.578;114,0;83,6;20,27;1,43;43,2;273,6;15,8;51;1501,0;0,039;-9,99;12,3
07/10/2024;23:19:17.578;114,0;83,6;20,17;1,42;43,2;273,6;16,3;51;1504,0;0,039;-9,99;13,1
07/10/2024;23:21:06.560;118,5;80,7;11,3;2,12;47,5;20,1;12,8;23;820,0;0,216;-9,99;5,4
07/10/2024;23:21:06.560;118,5;80,6;11,32;2,12;47,5;20,1;12,7;23;819,0;0,216;-9,99;5,1
07/10/2024;23:21:18.424;103,5;88,1;12,77;0,86;31,9;316,6;17,3;25;2717,0;0,101;-9,99;16,8
07/10/2024;23:26:00.355;102,0;86,4;11,86;0,33;32,4;65,4;15,7;15;5758,0;0,055;30,84;22,2
07/10/2024;23:26:30.605;115,5;83,9;6,07;0,09;43,8;161,7;12,5;25;6006,0;0,22;-9,99;20,9
07/10/2024;23:26:30.610;112,5;80,3;7,45;2,26;44,8;161,5;18,4;24;970,0;0,174;-9,99;7,2
07/10/2024;23:27:22.718;127,5;77,4;18,34;3,69;53,1;43,9;28,6;14;1312,0;0,206;-9,99;9,2
07/10/2024;23:29:14.611;106,5;87,3;4,7;4,37;35,2;187,5;20,4;45;1163,0;0,09;-9,99;7,4
07/10/2024;23:29:14.611;106,5;87,3;4,7;4,37;35,2;187,5;20,4;45;1163,0;0,09;-9,99;7,4
07/10/2024;23:29:35.069;117,0;86,1;-25,02;5,24;43,0;126,9;32,4;35;890,0;0,118;-9,99;5,8
07/10/2024;23:29:59.578;105,0;94,5;-20,39;0,72;26,1;161,0;17,6;15;3637,0;0,062;-9,99;20,3
07/10/2024;23:32:34.397;102,0;92,8;1,59;0,9;24,7;334,5;16,8;15;1457,0;0,347;-9,99;9,6
07/10/2024;23:33:09.037;102,0;84,1;-0,52;1,42;34,7;15,4;15,1;14;1751,0;0,257;-9,99;11,1
07/10/2024;23:34:52.819;112,5;90,9;14,92;0,24;36,4;33,4;2,9;54;3575,0;0,105;-9,99;17,3
07/10/2024;23:35:01.853;121,5;76,6;8,3;4,71;51,3;139,1;26,6;54;992,0;0,116;-9,99;6,6
07/10/2024;23:37:36.211;118,5;77,0;0,12;0,56;49,9;195,6;15,1;15;2801,0;0,061;-9,99;13,8
07/10/2024;23:41:42.925;109,5;89,3;-19,11;0,31;35,7;105,9;15,1;14;4377,0;0,079;-9,99;19,5
07/10/2024;23:45:00.824;103,5;92,5;25,39;0,35;26,9;352,7;11,5;25;4213,0;0,066;-9,99;21,4
07/10/2024;23:48:35.530;120,0;82,8;8,83;3,85;46,8;149,9;25,5;14;913,0;0,183;-9,99;5,4
07/10/2024;23:48:57.750;106,5;89,4;17,17;5,55;33,2;357,0;24,8;23;997,0;0,088;-9,99;8,2
07/10/2024;23:49:24.035;100,5;78,3;15,91;6,78;39,1;143,9;38,7;35;819,0;0,299;-9,99;5,4
07/10/2024;23:49:47.997;111,0;92,3;-21,33;1,84;34,0;143,8;18,9;32;1758,0;0,067;-9,99;12,0
07/10/2024;23:49:47.995;112,5;93,1;-20,65;4,98;34,5;144,0;34,5;13;1188,0;0,062;-9,99;7,9
07/10/2024;23:51:59.558;108,0;88,3;-30,34;1,15;35,4;151,5;8,5;42;1782,0;0,118;-9,99;12,3
07/10/2024;23:55:31.331;105,0;82,9;17,36;1,24;38,1;156,0;13,4;14;1556,0;0,267;-9,99;10,9
07/10/2024;23:57:21.187;111,0;87,0;6,49;0,1;38,7;165,1;14,0;15;8538,0;0,079;20,17;22,4
07/10/2024;23:58:08.166;105,0;81,6;-5,31;4,84;39,3;204,4;26,4;14;821,0;0,118;-9,99;5,6
07/10/2024;23:58:14.218;105,0;90,3;-12,72;0,32;31,0;136,5;15,6;25;4354,0;0,087;30,72;19,7
07/10/2024;23:58:20.610;124,5;80,7;33,72;0,73;50,0;69,2;14,9;25;2345,0;0,076;-9,99;14,4
