2024-07-13 18:03:10.549;102,0;80,8;32,03;1,06;37,9;18,5;13,2;15;3216,0;0,304;-9,99;13,8
2024-07-13 18:03:35.499;177,0;92,7;19,09;1,9;59,1;339,4;21,3;45;3868,0;0,05;-9,99;15,9
2024-07-13 18:03:42.952;177,0;75,6;-20,69;1,73;65,4;101,4;24,1;15;2542,0;0,15;-9,99;14,3
2024-07-13 18:03:44.006;129,0;90,2;38,87;0,55;46,1;339,8;11,4;51;5537,0;0,091;-9,99;19,6
2024-07-13 18:04:24.099;261,0;85,7;24,59;0,21;71,9;23,0;10,3;45;6489,0;0,092;-9,99;21,5
2024-07-13 18:04:24.099;267,0;77,2;24,53;6,51;74,3;23,8;23,1;45;1151,0;0,12;-9,99;6,8
2024-07-13 18:04:33.400;184,5;87,1;23,6;1,92;62,6;134,7;22,7;24;1464,0;0,042;-9,99;7,3
2024-07-13 18:05:25.392;219,0;80,6;61,44;2,43;69,3;0,7;17,8;35;2200,0;0,118;-9,99;10,0
2024-07-13 18:05:47.779;135,0;98,7;34,43;0,08;43,4;88,4;14,6;25;18743,0;0,06;32,11;28,1
2024-07-13 18:05:47.794;141,0;104,1;34,33;2,08;42,9;88,4;23,1;25;3035,0;0,06;-9,99;12,2
2024-07-13 18:05:47.752;129,0;95,3;34,95;3,6;42,8;88,4;26,2;25;2646,0;0,052;-9,99;10,7
2024-07-13 18:05:51.587;127,5;95,9;-56,44;0,75;41,6;230,0;20,1;25;6582,0;0,044;-9,99;19,0
2024-07-13 18:06:38.309;132,0;81,5;21,43;4,63;52,3;143,6;31,7;45;1278,0;0,227;-9,99;4,6
2024-07-13 18:06:39.573;192,0;88,4;32,31;0,85;63,4;342,2;19,4;54;3556,0;0,123;-9,99;16,6
2024-07-13 18:06:39.563;193,5;89,7;32,44;0,9;63,2;342,2;19,9;15;3391,0;0,116;-9,99;16,7
2024-07-13 18:07:33.286;186,0;88,5;-5,3;3,55;62,3;22,3;34,5;45;1385,0;0,244;-9,99;8,2
2024-07-13 18:08:27.758;318,0;98,6;-42,13;0,72;73,3;243,5;17,7;25;3514,0;0,093;-9,99;16,9
2024-07-13 18:09:53.792;100,5;89,9;15,65;1,12;26,7;43,2;16,0;31;4907,0;0,072;-9,99;17,9
2024-07-13 18:10:06.829;156,0;88,9;38,77;2,43;55,9;5,7;16,7;45;3198,0;0,087;-9,99;15,1
2024-07-13 18:10:39.251;100,5;79,5;-2,3;1,67;38,0;215,2;15,7;41;3185,0;0,093;-9,99;14,8
2024-07-13 18:11:25.802;139,5;91,6;59,14;1,49;49,4;31,8;11,5;52;3356,0;0,094;-9,99;15,0
2024-07-13 18:11:25.803;141,0;94,1;57,17;9,02;48,6;33,7;33,5;54;1320,0;0,084;-9,99;6,6
2024-07-13 18:11:36.282;115,5;87,4;14,46;1,01;41,1;33,7;9,4;25;4988,0;0,153;-9,99;18,7
2024-07-13 18:13:23.966;109,5;91,1;29,54;0,11;34,0;71,8;15,9;51;3236,0;0,209;-9,99;15,0
2024-07-13 18:13:24.083;108,0;88,2;10,41;0,07;35,5;69,9;15,1;15;3877,0;0,247;-9,99;16,0
2024-07-13 18:13:24.138;112,5;93,2;30,81;3,82;34,3;72,1;35,6;15;1056,0;0,227;-9,99;4,1
2024-07-13 18:13:34.798;187,5;91,5;53,64;5,08;61,5;10,4;35,7;54;1761,0;0,214;-9,99;9,1
2024-07-13 18:14:00.173;102,0;90,2;7,17;0,05;28,0;44,3;13,9;25;17953,0;0,104;38,51;25,6
2024-07-13 18:14:00.173;108,0;95,6;7,39;2,58;28,0;44,3;22,7;35;2678,0;0,107;-9,99;12,3
2024-07-13 18:14:00.182;93,0;82,2;7,71;2,32;28,1;44,4;20,4;35;2697,0;0,101;-9,99;11,8
2024-07-13 18:14:09.781;130,5;88,2;17,4;4,22;47,9;215,6;28,8;45;1736,0;0,169;-9,99;8,6
2024-07-13 18:14:56.288;168,0;85,9;20,95;0,39;59,9;265,9;9,1;35;5560,0;0,156;-9,99;20,7
2024-07-13 18:14:56.307;169,5;85,0;21,26;3,3;60,6;265,9;28,3;35;2017,0;0,155;-9,99;11,3
2024-07-13 18:16:06.298;174,0;84,5;20,67;3,97;61,6;101,5;37,5;45;996,0;0,182;-9,99;3,4
2024-07-13 18:16:06.438;174,0;84,3;19,73;3,78;61,7;101,5;35,0;54;1182,0;0,099;-9,99;6,0
2024-07-13 18:16:06.438;174,0;84,3;19,71;3,78;61,7;101,5;35,0;54;1191,0;0,099;-9,99;4,3
2024-07-13 18:16:15.126;108,0;90,5;24,6;0,23;33,4;0,3;6,7;25;9520,0;0,073;32,88;24,2
2024-07-13 18:16:18.198;163,5;130,6;39,7;11,68;37,4;165,3;36,6;23;1068,0;0,215;-9,99;6,5
2024-07-13 18:16:19.421;112,5;81,7;-4,52;3,82;43,8;347,1;23,7;31;1498,0;0,128;-9,99;7,8
2024-07-13 18:16:24.838;130,5;87,5;-5,45;1,0;48,3;12,6;15,2;15;4497,0;0,109;-9,99;18,6
2024-07-13 18:16:26.965;99,0;85,3;-22,15;0,77;30,8;327,4;9,7;15;4861,0;0,186;-9,99;19,5
2024-07-13 18:17:46.664;105,0;92,3;3,75;0,97;28,7;337,1;18,0;15;4690,0;0,055;-9,99;18,6
2024-07-13 18:18:08.872;100,5;92,2;-14,11;3,19;23,7;139,8;29,0;25;3260,0;0,061;-9,99;15,3
2024-07-13 18:18:24.918;163,5;85,5;-3,54;3,04;59,1;315,2;19,2;23;1255,0;0,148;-9,99;6,6
2024-07-13 18:19:07.459;99,0;90,5;-16,66;1,28;24,2;243,8;13,2;52;2589,0;0,082;-9,99;14,2
2024-07-13 18:19:53.432;145,5;84,5;2,9;4,47;55,0;326,9;25,9;54;1652,0;0,183;-9,99;8,1
2024-07-13 18:20:04.606;205,5;81,6;28,97;1,9;67,5;157,3;20,2;13;2436,0;0,087;-9,99;11,5
2024-07-13 18:22:21.302;97,5;83,0;-8,3;2,01;31,9;332,4;15,7;15;2342,0;0,257;-9,99;13,1
2024-07-13 18:23:30.600;120,0;78,3;9,87;6,34;49,7;227,2;37,4;13;1273,0;0,186;-9,99;8,5
2024-07-13 18:23:30.600;120,0;78,3;9,87;6,32;49,7;227,2;37,4;13;1274,0;0,186;-9,99;9,7
2024-07-13 18:23:34.195;109,5;93,6;-37,07;1,48;31,5;290,6;10,5;14;2484,0;0,068;-9,99;11,3
2024-07-13 18:23:35.016;111,0;92,3;-30,07;0,22;34,0;290,2;11,2;15;3415,0;0,203;-9,99;16,6
2024-07-13 18:23:35.016;111,0;92,3;-30,06;0,22;34,0;290,2;11,2;15;3411,0;0,205;-9,99;15,5
2024-07-13 18:23:36.078;112,5;91,0;-10,99;0,54;36,3;290,1;14,2;15;3099,0;0,066;-9,99;13,5
2024-07-13 18:23:36.078;112,5;91,1;-12,01;0,51;36,2;290,1;14,0;51;3123,0;0,066;-9,99;14,0
2024-07-13 18:23:41.170;114,0;83,5;41,26;2,15;43,3;158,5;22,9;15;3255,0;0,057;-9,99;15,7
2024-07-13 18:23:48.317;273,0;91,1;32,39;3,32;71,7;62,4;11,1;54;1225,0;0,134;-9,99;8,7
2024-07-13 18:24:10.304;322,5;95,2;45,32;0,45;74,2;27,2;17,6;45;4737,0;0,113;-9,99;20,0
2024-07-13 18:24:19.696;187,5;82,6;-3,41;2,03;64,6;0,3;11,5;14;2980,0;0,093;-9,99;14,7
2024-07-13 18:24:26.030;120,0;85,1;-21,01;4,28;45,2;274,1;34,3;23;1520,0;0,211;-9,99;9,0
2024-07-13 18:24:45.651;91,5;82,2;-3,53;2,24;26,2;140,0;23,1;25;1648,0;0,291;-9,99;10,3
2024-07-13 18:25:03.128;102,0;86,4;6,92;0,06;32,4;79,0;15,5;15;14483,0;0,179;36,55;26,2
2024-07-13 18:25:03.126;111,0;93,8;7,12;2,49;32,6;79,1;25,3;15;2125,0;0,203;-9,99;11,7
2024-07-13 18:25:03.126;99,0;83,6;7,19;2,36;32,7;79,0;26,1;15;2129,0;0,204;-9,99;10,7
2024-07-13 18:25:05.134;184,5;89,3;-24,25;1,86;61,8;119,0;16,1;24;3184,0;0,07;-9,99;15,9
2024-07-13 18:25:30.982;213,0;87,5;8,24;2,76;66,6;316,3;21,2;51;2400,0;0,073;-9,99;11,6
2024-07-13 18:25:48.973;196,5;85,5;-28,9;2,68;65,0;134,3;28,4;15;2573,0;0,067;-9,99;14,1
2024-07-13 18:25:54.442;162,0;135,5;56,64;7,52;33,6;5,3;29,5;25;2623,0;0,014;-9,99;15,0
2024-07-13 18:27:38.336;204,0;80,9;-2,34;4,8;67,5;319,1;27,9;54;1892,0;0,049;-9,99;9,3
2024-07-13 18:27:43.427;195,0;82,3;43,45;2,79;65,8;44,1;27,4;51;1898,0;0,146;-9,99;9,3
2024-07-13 18:28:43.357;255,0;88,8;17,6;1,29;70,7;29,0;23,9;45;2035,0;0,121;-9,99;11,8
2024-07-13 18:28:43.357;255,0;88,8;17,6;1,29;70,7;29,0;23,9;54;2035,0;0,121;-9,99;12,0
2024-07-13 18:29:09.968;109,5;55,2;-2,69;6,99;60,1;230,4;38,7;41;1648,0;0,108;-9,99;8,3
2024-07-13 18:29:28.162;94,5;82,7;12,05;0,02;29,1;114,3;15,1;15;16036,0;0,209;30,38;28,5
2024-07-13 18:29:28.162;94,5;82,7;12,05;0,02;29,1;114,3;15,1;15;16036,0;0,209;30,38;27,3
2024-07-13 18:29:28.141;100,5;87,9;12,49;0,49;29,2;114,4;16,9;24;2596,0;0,193;-9,99;12,4
2024-07-13 18:29:28.173;85,5;74,8;12,16;0,65;29,1;114,4;15,3;42;2413,0;0,185;-9,99;11,7
2024-07-13 18:29:42.821;153,0;76,8;-5,97;1,87;60,5;67,7;22,0;53;3383,0;0,129;-9,99;17,3
2024-07-13 18:30:07.486;400,5;90,1;32,24;3,28;78,7;45,2;26,5;35;1400,0;0,037;-9,99;11,2
2024-07-13 18:32:44.531;160,5;93,9;44,55;0,08;54,8;83,1;16,4;25;14216,0;0,108;-9,99;27,1
2024-07-13 18:32:44.531;151,5;87,6;44,23;3,49;55,2;83,0;28,2;41;2122,0;0,076;-9,99;9,8
2024-07-13 18:32:44.531;166,5;96,8;44,52;2,71;55,0;83,0;25,6;14;2212,0;0,086;-9,99;10,8
2024-07-13 18:33:00.426;138,0;113,7;-13,54;9,49;34,9;178,6;28,9;24;1561,0;0,054;-9,99;6,0
2024-07-13 18:33:37.208;168,0;86,7;38,5;5,1;59,6;318,4;25,8;13;1620,0;0,11;-9,99;9,3
2024-07-13 18:33:49.621;202,5;72,3;-11,22;4,14;69,9;144,1;35,0;51;1517,0;0,268;-9,99;9,4
2024-07-13 18:34:24.448;316,5;87,0;-9,85;0,33;75,4;21,0;10,5;54;4046,0;0,166;-9,99;17,3
2024-07-13 18:34:31.458;102,0;90,0;41,85;0,09;28,2;33,4;10,8;51;15497,0;0,068;42,52;27,7
2024-07-13 18:34:31.458;93,0;81,4;42,92;4,32;29,2;34,6;24,1;51;2466,0;0,053;-9,99;11,6
2024-07-13 18:35:10.810;121,5;89,8;6,76;1,66;42,7;332,0;7,8;45;1410,0;0,082;-9,99;8,2
2024-07-13 18:35:50.885;162,0;81,9;-32,25;4,16;60,3;319,4;24,7;45;1246,0;0,222;-9,99;5,6
2024-07-13 18:35:56.157;133,5;93,8;17,46;5,0;45,8;100,3;35,7;45;2134,0;0,077;-9,99;10,9
2024-07-13 18:36:04.866;192,0;98,8;85,97;2,73;59,8;79,8;16,5;25;1980,0;0,073;-9,99;11,0
2024-07-13 18:36:40.336;181,5;91,9;22,84;1,39;60,3;85,4;16,5;13;3756,0;0,089;-9,99;17,2
2024-07-13 18:37:50.669;276,0;75,0;-10,85;1,22;75,4;296,9;13,2;45;2560,0;0,064;-9,99;16,3
2024-07-13 18:38:29.888;96,0;87,0;-2,08;0,87;25,2;90,9;14,2;52;4750,0;0,062;-9,99;18,2
2024-07-13 18:38:44.749;256,5;78,6;-34,36;4,61;73,2;134,8;34,0;14;1046,0;0,087;-9,99;6,2
2024-07-13 18:38:52.194;171,0;75,6;-11,87;2,64;64,4;69,5;27,8;35;2019,0;0,232;-9,99;11,4
2024-07-13 18:38:52.190;172,5;157,3;-11,19;5,88;24,5;255,6;39,0;15;1534,0;0,221;-9,99;9,1
2024-07-13 18:39:03.955;199,5;96,2;27,62;1,0;62,0;342,6;20,5;54;4274,0;0,066;-9,99;15,2
2024-07-13 18:39:21.853;108,0;94,2;29,99;0,32;29,5;62,2;14,3;25;11551,0;0,039;-9,99;25,0
2024-07-13 18:40:12.275;184,5;94,8;23,36;5,06;59,8;98,2;35,4;35;2518,0;0,024;-9,99;12,8
2024-07-13 18:40:17.518;96,0;87,7;3,05;1,55;24,2;39,5;16,6;15;3914,0;0,099;-9,99;16,1
2024-07-13 18:40:32.995;94,5;82,5;10,66;0,1;29,4;76,1;13,4;15;11789,0;0,171;-9,99;25,1
2024-07-13 18:40:33.011;103,5;90,2;10,01;4,76;29,6;75,7;22,1;45;1778,0;0,166;-9,99;9,7
2024-07-13 18:40:32.989;85,5;74,8;10,18;4,12;29,1;76,0;22,9;13;1837,0;0,181;-9,99;9,8
2024-07-13 18:40:51.315;265,5;87,6;1,48;1,87;71,9;25,2;22,8;45;2009,0;0,085;-9,99;11,8
2024-07-13 18:41:12.306;115,5;113,2;-21,2;4,75;11,5;106,8;12,3;23;1154,0;0,205;-9,99;6,5
2024-07-13 18:41:37.512;130,5;78,0;21,0;1,87;53,8;281,4;17,3;14;2318,0;0,074;-9,99;13,8
2024-07-13 18:42:08.162;99,0;87,3;-11,06;0,05;28,4;323,1;9,9;15;3196,0;0,086;-9,99;11,8
2024-07-13 18:43:02.019;117,0;84,8;6,35;1,86;43,9;107,5;26,4;51;1721,0;0,317;-9,99;5,9
2024-07-13 18:43:08.818;184,5;96,8;56,49;3,69;59,1;83,3;24,5;13;2803,0;0,05;-9,99;15,3
2024-07-13 18:43:24.126;336,0;93,4;59,85;4,92;75,3;45,6;28,4;31;1646,0;0,105;-9,99;10,9
2024-07-13 18:43:24.963;115,5;84,3;-6,5;1,42;43,5;9,2;10,2;15;3455,0;0,15;-9,99;15,6
2024-07-13 18:43:45.264;172,5;76,7;17,57;2,11;64,3;313,7;10,4;45;2726,0;0,084;-9,99;14,9
2024-07-13 18:43:54.989;115,5;79,3;-3,9;1,7;47,0;183,7;18,3;25;2187,0;0,158;-9,99;11,7
2024-07-13 18:44:37.320;129,0;87,2;9,01;1,95;47,9;290,5;10,6;15;1118,0;0,762;-9,99;4,3
2024-07-13 18:44:40.320;151,5;88,2;14,48;0,09;54,9;134,0;12,0;25;5954,0;0,307;-9,99;19,3
2024-07-13 18:44:40.312;136,5;79,4;14,53;0,1;54,9;134,0;13,0;25;5394,0;0,308;-9,99;19,4
2024-07-13 18:44:47.510;129,0;85,0;-0,23;0,59;49,2;225,8;19,8;25;4051,0;0,162;-9,99;15,3
2024-07-13 18:45:46.314;138,0;86,2;2,69;2,87;51,8;38,1;24,2;54;1558,0;0,101;-9,99;5,4
2024-07-13 18:46:06.195;168,0;95,9;61,6;0,54;55,8;93,9;13,6;25;7854,0;0,045;-9,99;23,9
2024-07-13 18:46:25.506;276,0;104,9;-59,14;2,91;68,8;96,3;27,6;42;2534,0;0,111;-9,99;12,7
2024-07-13 18:46:56.117;142,5;88,8;-13,43;0,71;52,0;226,9;20,9;51;4058,0;0,108;-9,99;16,9
2024-07-13 18:47:22.886;147,0;93,7;55,22;1,65;50,9;85,1;17,5;14;4951,0;0,047;-9,99;20,2
2024-07-13 18:47:48.733;120,0;90,9;21,88;0,33;41,1;84,1;12,5;25;6058,0;0,087;24,25;21,5
2024-07-13 18:47:57.914;105,0;94,6;20,91;1,82;25,9;75,0;14,0;25;5436,0;0,043;-9,99;19,4
2024-07-13 18:47:57.914;103,5;76,8;18,18;7,33;42,4;328,7;31,8;52;2161,0;0,026;-9,99;11,9
2024-07-13 18:47:58.992;204,0;87,9;-48,42;5,39;65,3;148,1;36,4;13;1440,0;0,147;-9,99;8,4
2024-07-13 18:48:30.891;148,5;85,2;15,64;5,0;55,5;84,3;31,0;53;1900,0;0,087;-9,99;12,4
2024-07-13 18:48:58.136;192,0;84,6;16,02;0,31;64,6;94,0;13,2;24;4673,0;0,204;-9,99;22,4
2024-07-13 18:49:00.899;141,0;92,0;38,11;5,03;49,7;95,6;37,6;13;2683,0;0,045;-9,99;14,7
2024-07-13 18:50:40.366;133,5;86,6;6,41;1,77;50,0;1,9;21,1;35;2379,0;0,212;-9,99;13,4
2024-07-13 18:51:34.322;141,0;124,2;14,89;7,46;28,6;5,5;32,0;25;1245,0;0,215;-9,99;8,9
2024-07-13 18:53:16.013;97,5;65,8;13,0;8,07;47,9;38,6;38,3;24;1381,0;0,069;-9,99;8,2
2024-07-13 18:53:29.592;102,0;99,8;0,52;4,77;11,9;304,7;23,1;54;2317,0;0,06;-9,99;11,8
2024-07-13 18:53:29.587;93,0;91,0;0,47;5,66;12,0;304,9;38,0;51;2146,0;0,061;-9,99;10,3
2024-07-13 18:54:17.906;126,0;96,7;44,09;2,94;40,2;107,5;37,3;15;2492,0;0,052;-9,99;12,2
2024-07-13 18:55:10.262;153,0;137,0;2,75;4,59;26,8;261,7;38,4;15;2281,0;0,085;-9,99;12,6
2024-07-13 18:55:13.597;117,0;78,2;4,76;2,35;48,5;230,7;26,0;35;1211,0;0,372;-9,99;7,5
2024-07-13 18:55:41.470;106,5;83,6;10,36;7,65;38,6;10,9;38,8;54;1157,0;0,257;-9,99;5,9
2024-07-13 18:56:29.088;93,0;86,1;13,59;0,13;22,3;90,4;15,1;25;12324,0;0,061;37,88;24,3
2024-07-13 18:57:10.861;97,5;86,0;25,46;0,71;28,3;30,0;12,7;15;4949,0;0,086;-9,99;18,0
2024-07-13 18:58:17.557;361,5;68,6;-19,72;2,0;80,6;151,4;19,3;14;2296,0;0,054;-9,99;13,7
2024-07-13 18:58:21.358;264,0;92,1;-0,78;2,06;70,7;16,3;18,4;31;2012,0;0,095;-9,99;9,9
2024-07-13 19:00:40.778;352,5;102,9;54,29;0,97;74,5;330,0;16,8;54;2272,0;0,085;-9,99;11,8
2024-07-13 19:01:53.528;159,0;100,7;-53,7;2,13;51,3;83,1;11,9;14;4925,0;0,029;-9,99;18,0
2024-07-13 19:03:22.947;144,0;73,2;24,37;7,15;60,0;312,4;36,7;13;1046,0;0,665;-9,99;7,3
2024-07-13 19:03:38.842;120,0;85,2;6,56;3,1;45,2;167,5;24,7;32;2900,0;0,144;-9,99;13,1
2024-07-13 19:03:44.808;217,5;71,8;27,75;4,94;71,6;317,8;32,5;54;1247,0;0,051;-9,99;8,5
2024-07-13 19:04:15.762;94,5;90,1;16,72;1,66;17,8;314,7;19,4;13;3014,0;0,104;-9,99;13,7
2024-07-13 19:05:29.544;174,0;81,1;16,55;1,96;62,9;41,9;17,4;15;1975,0;0,227;-9,99;11,0
2024-07-13 19:05:36.995;31,5;26,2;-4,79;8,32;33,8;200,4;33,7;14;919,0;0,097;-9,99;6,7
2024-07-13 19:05:55.218;139,5;87,1;2,94;0,56;51,8;6,7;14,1;53;5686,0;0,045;-9,99;19,0
2024-07-13 19:06:09.659;102,0;88,4;30,91;1,85;30,1;322,1;17,9;45;2632,0;0,099;-9,99;15,0
2024-07-13 19:06:17.379;142,5;78,4;-31,13;4,56;57,1;179,3;37,8;35;1340,0;0,111;-9,99;9,0
2024-07-13 19:06:55.486;112,5;83,8;-9,81;2,39;42,2;34,0;14,4;25;2493,0;0,121;-9,99;12,7
2024-07-13 19:07:54.098;145,5;76,2;-18,62;2,64;59,0;180,5;20,2;35;1744,0;0,16;-9,99;9,4
2024-07-13 19:08:15.882;201,0;86,4;-3,23;0,43;65,4;97,0;16,2;24;3748,0;0,126;-9,99;15,1
2024-07-13 19:08:15.882;201,0;86,4;-3,23;0,43;65,4;97,0;16,1;24;3748,0;0,126;-9,99;15,1
2024-07-13 19:08:38.598;97,5;93,0;13,6;0,31;17,6;347,0;11,1;25;9758,0;0,055;-9,99;24,5
2024-07-13 19:08:41.277;100,5;98,8;-12,1;0,93;10,8;233,7;18,5;15;4109,0;0,106;-9,99;16,5
2024-07-13 19:08:41.275;88,5;87,0;-12,5;1,15;10,7;233,9;16,2;15;3482,0;0,11;-9,99;16,7
2024-07-13 19:09:57.565;193,5;84,4;-46,77;1,35;64,9;136,2;24,1;15;2706,0;0,185;-9,99;14,0
2024-07-13 19:10:54.866;120,0;79,3;15,62;2,08;49,0;323,8;4,7;54;2136,0;0,138;-9,99;11,6
2024-07-13 19:10:58.363;127,5;90,7;9,15;0,25;45,1;91,9;17,5;25;8113,0;0,078;-9,99;21,9
2024-07-13 19:11:08.986;106,5;82,9;-3,53;1,06;39,2;359,4;6,2;25;3667,0;0,248;-9,99;15,9
2024-07-13 19:11:10.722;198,0;81,3;-27,87;3,82;66,6;134,9;36,3;54;2007,0;0,138;-9,99;11,6
2024-07-13 19:11:19.038;219,0;79,3;-5,24;4,92;69,7;131,7;26,6;45;1642,0;0,15;-9,99;9,5
2024-07-13 19:12:19.144;103,5;87,4;47,1;2,11;32,6;352,6;16,5;52;3222,0;0,107;-9,99;16,0
2024-07-13 19:12:40.546;100,5;86,8;10,67;5,12;30,5;326,3;35,1;23;1494,0;0,182;-9,99;8,2
2024-07-13 19:13:40.115;114,0;89,2;31,87;0,49;38,9;346,6;8,7;25;3455,0;0,11;-9,99;15,8
2024-07-13 19:13:55.005;120,0;83,8;-2,93;1,46;46,1;129,5;20,7;15;1721,0;0,539;-9,99;8,8
2024-07-13 19:14:34.690;177,0;76,9;-16,76;1,12;65,0;183,4;23,5;23;3146,0;0,275;-9,99;14,6
2024-07-13 19:14:47.202;124,5;93,0;41,24;0,33;42,1;26,0;10,7;25;7819,0;0,054;-9,99;23,0
2024-07-13 19:15:07.374;187,5;87,5;-51,14;2,12;62,9;142,8;23,9;23;3543,0;0,054;-9,99;16,1
2024-07-13 19:15:10.085;196,5;88,2;73,3;0,2;64,1;356,1;9,0;54;7683,0;0,094;-9,99;23,0
2024-07-13 19:15:17.448;159,0;87,3;18,66;2,33;57,3;325,5;22,5;13;1973,0;0,078;-9,99;10,6
2024-07-13 19:15:17.448;159,0;87,3;18,65;2,33;57,3;325,5;22,5;13;1974,0;0,078;-9,99;9,7
2024-07-13 19:15:17.448;159,0;87,3;18,65;2,33;57,3;325,5;22,5;13;1974,0;0,078;-9,99;8,9
2024-07-13 19:17:13.126;103,5;90,4;36,11;0,23;29,4;352,5;11,2;52;9894,0;0,071;-9,99;24,5
2024-07-13 19:17:13.125;105,0;90,9;37,27;5,25;30,2;351,2;36,7;35;2393,0;0,1;-9,99;11,7
2024-07-13 19:17:32.235;129,0;90,7;49,44;1,4;45,8;14,0;18,5;15;4731,0;0,046;-9,99;18,5
2024-07-13 19:17:52.952;208,5;193,0;14,91;6,95;22,6;256,7;26,1;15;2053,0;0,065;-9,99;14,5
2024-07-13 19:17:56.739;106,5;77,7;3,46;1,9;43,5;208,6;20,8;42;2134,0;0,181;-9,99;9,3
2024-07-13 19:17:56.739;106,5;77,7;3,45;1,9;43,5;208,6;20,7;24;2137,0;0,17;-9,99;10,6
2024-07-13 19:18:36.904;141,0;91,3;43,15;3,51;50,1;56,1;28,0;51;2693,0;0,068;-9,99;13,4
2024-07-13 19:19:09.195;94,5;91,8;10,35;3,1;13,9;92,5;26,2;52;1734,0;0,094;-9,99;9,2
2024-07-13 19:20:33.019;262,5;81,9;-63,07;0,96;72,9;175,5;22,8;15;2320,0;0,135;-9,99;11,8
2024-07-13 19:20:59.837;192,0;85,7;21,28;0,24;64,3;312,2;8,1;23;5640,0;0,082;-9,99;20,9
2024-07-13 19:20:59.834;426,0;118,9;19,47;9,81;75,6;173,1;38,0;15;1005,0;0,083;-9,99;5,6
2024-07-13 19:20:59.822;195,0;89,6;15,68;7,73;63,4;313,0;36,8;31;1025,0;0,076;-9,99;5,9
2024-07-13 19:21:29.136;286,5;79,3;-0,92;2,96;75,2;298,1;22,1;45;1386,0;0,171;-9,99;8,9
2024-07-13 19:21:56.750;192,0;84,9;-30,94;3,11;64,5;137,7;28,3;23;1708,0;0,084;-9,99;10,7
2024-07-13 19:22:30.726;117,0;94,9;10,06;0,22;36,1;359,1;6,6;25;8214,0;0,074;38,81;21,9
2024-07-13 19:22:59.043;96,0;87,9;18,1;1,21;23,9;40,7;12,8;51;3455,0;0,14;-9,99;15,3
2024-07-13 19:23:17.552;91,5;85,3;-0,76;2,48;21,3;280,7;16,6;13;1922,0;0,149;-9,99;9,5
2024-07-13 19:24:44.885;130,5;89,8;48,09;7,6;46,9;32,4;28,2;23;1732,0;0,119;-9,99;9,1
2024-07-13 19:25:33.930;103,5;93,0;28,54;3,63;26,2;19,4;31,2;14;2358,0;0,065;-9,99;13,7
2024-07-13 19:25:40.789;139,5;80,8;3,66;0,08;55,1;295,4;4,0;35;6247,0;0,278;-9,99;19,0
2024-07-13 19:25:40.803;141,0;80,1;4,07;2,48;55,9;295,6;24,1;35;1298,0;0,283;-9,99;7,7
2024-07-13 19:25:40.755;136,5;77,4;3,63;3,62;56,0;295,3;29,0;53;1168,0;0,297;-9,99;6,2
2024-07-13 19:25:40.744;142,5;141,8;4,35;5,21;5,8;174,3;37,1;51;983,0;0,297;-9,99;5,5
2024-07-13 19:25:48.883;280,5;72,2;0,72;4,88;76,3;291,0;37,1;35;1082,0;0,093;-9,99;6,6
2024-07-13 19:25:48.883;280,5;72,2;0,72;4,87;76,3;291,0;37,1;53;1082,0;0,093;-9,99;6,8
2024-07-13 19:25:48.883;280,5;72,2;0,72;4,87;76,3;291,0;37,1;35;1084,0;0,093;-9,99;2,9
2024-07-13 19:26:01.275;310,5;88,6;41,27;1,36;74,7;40,3;22,6;53;2655,0;0,092;-9,99;15,2
2024-07-13 19:27:14.386;166,5;86,2;58,16;5,57;59,5;341,2;36,7;54;1787,0;0,12;-9,99;10,1
2024-07-13 19:27:29.846;100,5;89,2;48,59;2,92;27,7;8,3;22,3;13;2514,0;0,105;-9,99;12,7
2024-07-13 19:28:12.925;285,0;78,3;10,87;4,6;75,3;355,8;26,6;13;1328,0;0,022;-9,99;7,3
2024-07-13 19:28:12.925;285,0;78,3;10,91;4,61;75,3;355,8;26,7;13;1321,0;0,021;-9,99;6,4
2024-07-13 19:28:12.925;285,0;78,2;10,91;4,61;75,3;355,8;26,7;13;1325,0;0,021;-9,99;6,9
2024-07-13 19:28:18.189;339,0;137,7;32,28;6,07;67,4;94,7;39,0;23;2237,0;0,121;-9,99;11,9
2024-07-13 19:28:22.616;99,0;91,9;4,07;4,75;22,1;111,0;36,2;45;2407,0;0,08;-9,99;11,5
2024-07-13 19:28:37.870;130,5;85,2;-11,89;3,41;49,7;50,4;23,1;25;977,0;0,389;-9,99;3,9
2024-07-13 19:29:02.891;118,5;92,5;51,87;0,23;39,0;89,2;18,0;51;5849,0;0,101;-9,99;19,5
2024-07-13 19:30:42.600;132,0;84,6;-15,32;4,92;50,6;41,3;30,4;14;1342,0;0,04;-9,99;5,8
2024-07-13 19:32:34.144;186,0;161,1;30,66;8,9;30,4;11,4;36,0;13;1695,0;0,07;-9,99;10,2
2024-07-13 19:32:34.493;120,0;87,1;17,06;1,4;43,8;17,3;17,9;15;3629,0;0,088;-9,99;15,3
2024-07-13 19:32:45.595;120,0;83,9;10,88;2,92;46,0;188,3;22,7;52;1435,0;0,163;-9,99;5,9
2024-07-13 19:32:50.800;204,0;86,0;2,78;2,42;65,9;289,1;18,9;13;2877,0;0,064;-9,99;15,4
2024-07-13 19:33:17.030;114,0;78,3;6,73;0,15;47,0;44,1;6,1;15;6886,0;0,123;-9,99;19,0
2024-07-13 19:33:17.022;115,5;79,4;6,37;1,21;46,9;43,9;8,7;13;2547,0;0,12;-9,99;11,6
2024-07-13 19:33:17.043;120,0;81,9;6,44;5,98;47,4;43,4;25,2;13;1217,0;0,106;-9,99;6,0
2024-07-13 19:33:43.941;90,0;84,0;3,33;0,42;21,2;9,5;9,3;25;6566,0;0,13;29,65;18,9
2024-07-13 19:34:02.930;162,0;86,4;-4,89;3,2;58,4;41,5;19,1;15;1757,0;0,052;-9,99;9,1
2024-07-13 19:34:02.930;162,0;86,4;-4,89;3,2;58,4;41,5;19,0;15;1759,0;0,052;-9,99;8,5
2024-07-13 19:34:02.925;168,0;90,1;-4,5;2,76;58,2;41,4;16,9;15;1730,0;0,051;-9,99;9,0
2024-07-13 19:34:02.930;162,0;86,4;-4,89;3,2;58,4;41,5;19,0;15;1758,0;0,052;-9,99;8,2
2024-07-13 19:34:02.930;156,0;83,2;-4,54;2,73;58,4;41,5;15,2;15;1678,0;0,052;-9,99;7,4
2024-07-13 19:34:02.925;168,0;90,1;-4,5;2,76;58,2;41,4;16,9;15;1732,0;0,051;-9,99;8,7
2024-07-13 19:35:30.997;277,5;78,4;-34,91;2,86;74,8;140,0;33,7;32;2034,0;0,102;-9,99;10,8
2024-07-13 19:35:33.890;192,0;93,8;30,49;3,05;61,5;88,6;23,6;32;1645,0;0,088;-9,99;10,5
2024-07-13 19:35:35.410;126,0;93,0;21,77;0,3;42,8;354,0;7,2;25;7781,0;0,064;-9,99;22,4
2024-07-13 19:35:37.998;159,0;96,0;63,67;0,47;53,4;91,6;15,0;25;7341,0;0,042;52,62;22,2
2024-07-13 19:35:59.394;126,0;85,0;-10,07;1,95;48,0;137,4;17,2;15;1659,0;0,129;-9,99;9,2
2024-07-13 19:36:40.712;114,0;84,6;-6,16;3,24;42,5;350,2;19,8;13;2204,0;0,174;-9,99;10,6
2024-07-13 19:36:50.098;160,5;82,0;-3,09;1,32;59,9;78,9;16,8;25;2322,0;0,117;-9,99;12,9
2024-07-13 19:36:54.469;217,5;79,5;2,55;0,57;69,5;176,4;23,0;25;2818,0;0,129;-9,99;11,4
2024-07-13 19:37:41.630;96,0;81,8;10,22;0,49;31,8;357,7;10,2;25;3520,0;0,312;-9,99;14,8
2024-07-13 19:37:41.630;96,0;81,8;10,22;0,49;31,8;357,7;10,2;25;3521,0;0,312;-9,99;14,3
2024-07-13 19:37:47.552;147,0;89,8;15,33;0,2;52,9;99,0;15,9;25;6620,0;0,166;-9,99;21,3
2024-07-13 19:37:49.328;121,5;84,9;12,23;1,56;46,0;1,7;15,7;35;2861,0;0,089;-9,99;13,4
2024-07-13 19:38:09.722;172,5;88,1;24,97;0,88;59,9;53,9;13,9;15;1694,0;0,037;-9,99;9,2
2024-07-13 19:39:15.077;105,0;89,3;-1,81;0,29;32,0;120,6;16,6;25;7997,0;0,075;44,65;21,3
2024-07-13 19:39:15.078;114,0;72,8;0,23;14,52;50,7;38,7;31,6;54;1278,0;0,028;-9,99;6,7
2024-07-13 19:39:39.304;115,5;86,5;31,68;0,05;41,8;47,7;10,0;51;10661,0;0,1;-9,99;24,9
2024-07-13 19:39:39.323;121,5;91,2;31,97;1,83;41,7;48,1;20,7;54;1663,0;0,113;-9,99;9,4
2024-07-13 19:39:39.326;109,5;82,2;30,94;2,81;41,7;48,3;26,0;31;1556,0;0,108;-9,99;9,3
2024-07-13 19:40:26.602;145,5;86,5;50,61;2,07;54,0;297,4;22,0;35;3106,0;0,05;-9,99;14,7
2024-07-13 19:40:32.555;193,5;92,5;51,54;0,19;62,2;91,1;14,2;23;7398,0;0,09;28,79;23,9
2024-07-13 19:41:32.290;97,5;85,5;1,78;0,35;28,9;79,4;15,0;25;8572,0;0,624;-9,99;24,2
2024-07-13 19:41:32.278;91,5;81,3;10,0;2,08;27,5;80,5;21,4;24;1324,0;0,096;-9,99;6,4
2024-07-13 19:41:32.302;106,5;93,5;2,65;1,52;28,8;79,4;18,6;42;1283,0;0,682;-9,99;7,2
2024-07-13 19:41:58.768;121,5;85,3;-7,78;1,06;45,8;178,9;19,1;13;4031,0;0,195;-9,99;16,8
2024-07-13 19:42:01.013;156,0;89,0;-3,74;0,76;55,8;246,3;6,3;32;5127,0;0,071;-9,99;19,1
2024-07-13 19:44:16.075;127,5;84,8;-8,39;2,42;48,8;189,8;23,3;15;1535,0;0,189;-9,99;9,2
2024-07-13 19:44:31.629;195,0;92,6;-10,31;0,39;62,4;310,1;9,1;23;5621,0;0,094;50,54;18,7
2024-07-13 19:44:31.739;196,5;92,5;-8,06;4,06;62,7;310,6;29,3;32;1539,0;0,107;-9,99;7,3
2024-07-13 19:46:08.755;193,5;75,7;-35,96;2,68;67,8;267,7;26,5;54;1839,0;0,16;-9,99;10,9
2024-07-13 19:47:32.416;147,0;89,1;24,85;6,47;53,2;87,0;29,1;35;2392,0;0,064;-9,99;13,0
2024-07-13 19:48:32.989;103,5;92,3;30,75;0,27;27,1;43,1;12,6;15;9094,0;0,049;-9,99;24,0
2024-07-13 19:48:33.315;324,0;85,2;10,88;1,79;76,2;343,6;19,4;45;1372,0;0,029;-9,99;7,6
2024-07-13 19:49:09.174;112,5;86,8;42,21;1,14;39,8;5,5;6,7;25;5230,0;0,067;-9,99;18,4
2024-07-13 19:49:16.872;136,5;90,2;30,95;9,85;49,1;36,0;37,0;54;1098,0;0,046;-9,99;4,8
2024-07-13 19:49:29.035;175,5;80,2;-12,39;3,14;63,5;136,2;33,8;15;1208,0;0,292;-9,99;5,9
2024-07-13 19:49:36.901;136,5;89,2;33,82;8,95;49,7;40,5;33,4;45;1174,0;0,002;-9,99;4,9
2024-07-13 19:50:09.458;136,5;87,0;2,6;1,17;50,9;99,0;16,1;35;3692,0;0,101;-9,99;16,3
2024-07-13 19:50:43.166;253,5;81,8;-12,73;0,98;72,2;143,4;20,9;15;2286,0;0,257;-9,99;12,2
2024-07-13 19:51:40.475;211,5;88,1;76,24;1,49;66,2;355,7;17,2;45;2358,0;0,156;-9,99;12,9
2024-07-13 19:51:40.475;211,5;88,1;76,24;1,49;66,2;355,7;17,2;54;2357,0;0,156;-9,99;11,9
2024-07-13 19:51:55.616;333,0;83,8;68,73;2,43;76,9;16,7;24,4;13;1962,0;0,164;-9,99;13,4
2024-07-13 19:52:15.850;123,0;91,0;26,27;0,48;42,7;315,7;7,0;45;7326,0;0,07;-9,99;21,7
2024-07-13 19:52:18.654;216,0;73,5;25,1;1,66;71,0;7,2;8,7;45;2456,0;0,217;-9,99;11,7
2024-07-13 19:53:00.923;135,0;78,2;-1,07;0,94;55,1;48,9;12,1;15;2880,0;0,257;-9,99;13,5
2024-07-13 19:55:04.494;136,5;89,2;80,83;0,93;49,6;9,6;14,3;35;5371,0;0,098;-9,99;18,5
2024-07-13 19:55:21.142;121,5;87,9;33,64;2,59;44,0;30,3;21,5;25;2850,0;0,1;-9,99;13,5
2024-07-13 19:55:28.986;130,5;84,3;-12,93;2,22;50,2;5,7;31,9;35;3516,0;0,085;-9,99;15,0
2024-07-13 19:56:22.146;109,5;94,7;46,53;1,97;30,4;110,6;20,9;24;4698,0;0,044;-9,99;17,4
2024-07-13 19:57:21.074;144,0;88,9;54,69;0,26;52,4;352,3;8,0;53;4674,0;0,049;-9,99;17,8
2024-07-13 19:57:43.853;156,0;92,3;55,6;0,07;54,3;81,9;17,6;25;6175,0;0,211;-9,99;21,6
2024-07-13 19:57:49.203;117,0;87,3;0,65;1,56;42,1;106,4;19,9;51;1909,0;0,176;-9,99;8,9
2024-07-13 19:58:41.325;189,0;82,4;-10,32;2,62;64,9;115,4;20,6;45;1764,0;0,233;-9,99;11,0
2024-07-13 19:59:05.877;190,5;84,0;-32,42;0,25;64,6;137,4;22,3;15;5089,0;0,18;-9,99;18,4
2024-07-13 19:59:05.882;192,0;84,3;-32,53;0,75;64,7;137,4;23,0;15;3213,0;0,161;-9,99;14,5
2024-07-13 19:59:47.912;165,0;81,8;27,62;6,62;60,9;41,5;39,3;54;1224,0;0,377;-9,99;6,8
2024-07-13 20:00:06.053;139,5;81,7;-8,32;0,71;54,7;89,9;16,2;13;3220,0;0,247;-9,99;16,6
2024-07-13 20:00:26.237;150,0;98,8;-2,15;12,66;49,3;135,4;33,1;35;1139,0;0,055;-9,99;8,4
2024-07-13 20:01:04.085;132,0;103,2;39,7;0,72;38,9;134,4;18,2;25;3812,0;0,024;-9,99;15,4
2024-07-13 20:01:04.262;133,5;101,7;41,97;0,6;40,8;129,4;16,0;25;4047,0;0,103;-9,99;15,9
2024-07-13 20:02:29.016;108,0;90,8;32,82;4,52;33,0;346,7;30,4;13;1590,0;0,107;-9,99;7,6
2024-07-13 20:03:43.202;100,5;91,1;14,73;2,38;25,1;22,6;24,4;45;2426,0;0,11;-9,99;11,5
2024-07-13 20:04:26.386;207,0;77,5;18,46;2,09;68,9;332,3;23,7;45;1438,0;0,147;-9,99;7,6
2024-07-13 20:05:25.904;519,0;100,2;-73,76;4,12;81,2;4,4;24,8;23;988,0;0,555;-9,99;1,3
2024-07-13 20:05:25.904;519,0;100,1;-73,76;4,12;81,2;4,4;24,8;32;988,0;0,56;-9,99;1,0
2024-07-13 20:05:32.554;93,0;92,4;1,08;1,97;6,6;292,5;18,5;15;1363,0;0,093;-9,99;7,0
2024-07-13 20:05:32.554;93,0;92,4;1,08;1,96;6,6;292,5;18,4;15;1360,0;0,093;-9,99;6,1
2024-07-13 20:05:32.554;93,0;92,4;1,07;1,95;6,6;292,4;18,4;15;1354,0;0,093;-9,99;6,2
2024-07-13 20:06:41.797;102,0;86,2;5,18;0,1;32,6;78,0;15,7;15;9977,0;0,188;-9,99;21,5
2024-07-13 20:06:41.803;111,0;93,5;6,47;4,4;32,9;77,4;26,6;45;1711,0;0,185;-9,99;9,7
2024-07-13 20:06:41.795;96,0;80,7;6,24;5,51;33,1;77,3;31,6;14;1553,0;0,216;-9,99;8,9
2024-07-13 20:07:11.454;96,0;88,5;15,39;0,13;23,0;60,9;12,0;15;9378,0;0,105;29,92;22,7
2024-07-13 20:07:29.675;139,5;87,2;33,51;0,89;51,8;329,4;5,9;14;3469,0;0,149;-9,99;16,4
2024-07-13 20:07:57.642;144,0;88,4;36,37;0,13;52,6;353,2;8,6;35;7146,0;0,098;-9,99;21,9
2024-07-13 20:07:57.654;141,0;93,6;35,92;8,89;48,9;62,9;38,4;41;1199,0;0,11;-9,99;6,7
2024-07-13 20:08:37.658;132,0;88,5;19,18;7,6;48,4;37,7;37,3;45;897,0;0,026;-9,99;3,3
2024-07-13 20:10:14.888;115,5;90,8;49,2;0,82;38,5;54,2;15,9;25;4214,0;0,092;-9,99;18,2
2024-07-13 20:10:24.349;93,0;85,9;0,07;0,72;22,7;60,7;12,6;15;5209,0;0,126;-9,99;17,8
2024-07-13 20:10:46.878;204,0;87,4;18,16;4,92;65,4;41,4;33,1;54;2092,0;0,041;-9,99;11,4
2024-07-13 20:10:46.878;204,0;87,4;18,16;4,92;65,4;41,4;33,1;45;2092,0;0,041;-9,99;11,3
2024-07-13 20:10:46.878;204,0;87,4;18,16;4,92;65,4;41,4;33,1;45;2093,0;0,041;-9,99;12,4
2024-07-13 20:11:24.930;261,0;89,2;59,56;2,97;71,1;336,7;30,1;54;1768,0;0,154;-9,99;10,8
2024-07-13 20:11:50.238;109,5;86,3;7,91;0,8;38,3;0,8;6,5;14;4929,0;0,102;-9,99;16,9
2024-07-13 20:12:04.419;94,5;89,9;10,56;0,18;18,1;66,7;12,4;15;10404,0;0,108;-9,99;22,7
2024-07-13 20:12:10.635;192,0;83,7;13,09;0,99;64,9;338,5;22,6;45;3217,0;0,252;-9,99;12,4
2024-07-13 20:12:29.069;219,0;73,6;17,7;1,72;71,3;357,1;12,2;45;2803,0;0,081;-9,99;12,7
2024-07-13 20:12:33.694;102,0;96,8;9,71;0,33;18,6;350,3;12,4;52;12920,0;0,053;21,32;25,1
2024-07-13 20:12:57.688;93,0;88,5;10,7;0,37;18,0;4,4;11,9;25;10172,0;0,1;-9,99;22,3
2024-07-13 20:13:06.926;100,5;86,3;4,89;5,99;31,1;289,6;34,4;45;1489,0;0,233;-9,99;7,5
2024-07-13 20:14:17.862;31,5;29,3;7,64;8,58;21,5;262,3;35,2;35;1224,0;0,134;-9,99;8,1
2024-07-13 20:14:29.678;165,0;94,1;71,01;1,35;55,8;82,3;11,9;52;6023,0;0,028;-9,99;19,9
2024-07-13 20:14:48.614;97,5;89,8;0,19;1,12;23,0;15,8;13,1;45;4581,0;0,103;-9,99;17,4
2024-07-13 20:15:44.246;91,5;86,1;-5,8;2,26;20,0;15,2;24,0;35;2649,0;0,149;-9,99;12,3
2024-07-13 20:15:49.774;96,0;89,7;8,53;4,47;21,1;351,0;37,4;53;3469,0;0,088;-9,99;13,9
2024-07-13 20:17:29.477;129,0;83,1;25,0;0,72;50,3;79,8;17,2;15;4294,0;0,173;-9,99;18,6
2024-07-13 20:18:27.210;307,5;93,1;92,57;1,04;73,7;25,3;19,4;54;4009,0;0,132;-9,99;17,3
2024-07-13 20:19:27.330;142,5;91,5;-7,28;3,41;50,5;134,0;23,2;15;2090,0;0,068;-9,99;10,8
2024-07-13 20:20:03.421;141,0;76,3;-16,04;2,52;57,8;117,2;19,2;25;2446,0;0,147;-9,99;13,6
2024-07-13 20:20:58.683;123,0;88,4;15,35;3,03;44,5;37,8;19,7;14;2527,0;0,115;-9,99;11,4
2024-07-13 20:21:46.504;196,5;76,8;-6,13;2,38;67,8;86,8;18,5;51;2207,0;0,143;-9,99;13,2
2024-07-13 20:21:54.421;289,5;83,6;-25,01;1,86;74,5;241,7;20,9;35;2402,0;0,205;-9,99;13,6
2024-07-13 20:24:05.224;108,0;97,1;47,41;0,45;26,2;134,5;17,2;25;11725,0;0,033;-9,99;27,3
2024-07-13 20:24:09.475;91,5;85,7;-4,48;0,59;20,7;288,3;9,3;25;4322,0;0,236;-9,99;15,5
2024-07-13 20:24:15.318;169,5;75,8;-19,55;3,08;64,1;110,7;17,7;13;1933,0;0,101;-9,99;13,3
2024-07-13 20:24:15.318;169,5;75,8;-19,55;3,08;64,1;110,7;17,7;13;1933,0;0,101;-9,99;13,3
2024-07-13 20:24:48.206;121,5;73,4;16,77;3,72;53,3;317,5;22,1;31;1144,0;0,47;-9,99;3,9
2024-07-13 20:25:47.730;90,0;85,4;5,07;0,09;18,6;87,3;14,2;15;11068,0;0,094;-9,99;22,5
2024-07-13 20:28:11.328;136,5;91,6;70,17;1,09;48,3;36,3;8,5;14;3570,0;0,086;-9,99;13,3
2024-07-13 20:28:33.547;217,5;91,0;40,93;1,5;66,2;7,8;14,1;45;3438,0;0,099;-9,99;15,1
2024-07-13 20:29:48.504;412,5;68,6;17,21;3,17;82,2;2,4;25,0;24;1211,0;0,154;-9,99;6,7
2024-07-13 20:30:57.531;118,5;84,4;19,2;0,98;44,9;43,6;8,5;15;4815,0;0,083;-9,99;17,1
2024-07-13 20:31:24.890;93,0;86,6;-2,91;0,05;21,5;79,0;14,7;25;19246,0;0,13;33,69;25,5
2024-07-13 20:31:24.891;99,0;92,1;-3,24;1,89;21,7;78,9;15,3;14;2886,0;0,104;-9,99;12,4
2024-07-13 20:31:24.890;90,0;83,8;-2,43;1,72;21,5;78,9;13,3;25;2922,0;0,109;-9,99;12,8
2024-07-13 20:31:41.184;151,5;93,4;33,56;2,61;52,5;141,4;18,1;45;4174,0;0,04;-9,99;17,8
2024-07-13 20:31:43.357;157,5;101,6;17,86;0,07;50,4;8,8;9,0;15;15527,0;0,052;48,58;25,6
2024-07-13 20:31:43.398;163,5;105,2;18,81;3,34;50,5;8,6;32,1;35;2294,0;0,06;-9,99;9,1
2024-07-13 20:31:43.394;154,5;99,2;17,49;2,29;50,6;8,8;23,2;53;2803,0;0,053;-9,99;11,0
2024-07-13 20:32:10.597;123,0;90,0;45,01;5,96;43,3;30,6;39,6;31;1823,0;0,113;-9,99;7,2
2024-07-13 20:33:56.258;148,5;84,6;-15,19;2,64;55,8;144,9;26,5;13;2995,0;0,152;-9,99;13,8
2024-07-13 20:34:19.944;93,0;92,5;8,51;0,22;5,7;96,3;13,8;15;15470,0;0,044;27,45;26,9
2024-07-13 20:34:19.944;814,5;88,7;13,67;8,0;87,4;119,2;34,4;31;3001,0;0,052;-9,99;11,3
2024-07-13 20:34:45.109;132,0;86,2;51,89;3,78;49,7;359,8;39,9;35;2186,0;0,189;-9,99;10,7
2024-07-13 20:36:19.163;90,0;85,5;13,03;3,24;18,3;294,4;15,9;45;2418,0;0,152;-9,99;10,5
2024-07-13 20:36:38.579;198,0;74,7;19,53;0,78;68,6;25,9;16,7;45;3696,0;0,122;-9,99;16,2
2024-07-13 20:37:28.616;163,5;89,2;54,19;1,15;57,6;45,5;16,1;15;4024,0;0,107;-9,99;15,8
2024-07-13 20:37:48.747;156,0;77,6;27,31;0,12;60,8;41,3;8,6;15;8694,0;0,2;-9,99;22,6
2024-07-13 20:37:48.752;157,5;78,2;27,59;0,19;60,8;41,2;8,9;15;6866,0;0,202;-9,99;20,4
2024-07-13 20:37:48.747;162,0;82,6;26,48;3,2;60,0;41,9;19,6;13;1632,0;0,21;-9,99;9,1
2024-07-13 20:38:49.877;94,5;88,6;13,16;1,26;20,6;70,6;12,5;15;3292,0;0,162;-9,99;15,0
2024-07-13 20:39:49.526;126,0;89,1;12,34;5,4;45,4;322,3;27,1;13;1328,0;0,056;-9,99;8,1
2024-07-13 20:40:02.203;114,0;81,9;32,43;0,37;44,5;36,9;8,6;25;4418,0;0,281;-9,99;17,2
2024-07-13 20:40:06.546;196,5;85,8;15,93;4,25;64,9;130,1;27,7;14;1252,0;0,321;-9,99;7,4
2024-07-13 20:40:20.318;21,0;14,1;43,59;3,57;47,8;297,1;32,3;52;1206,0;0,058;-9,99;8,0
2024-07-13 20:40:23.974;147,0;84,8;-25,44;3,79;55,3;130,2;33,0;13;1566,0;0,065;-9,99;9,1
2024-07-13 20:40:44.266;118,5;88,0;-24,7;3,08;42,4;138,2;21,0;53;2208,0;0,092;-9,99;11,8
2024-07-13 20:40:52.717;180,0;99,1;5,35;0,15;57,3;225,7;14,2;45;9666,0;0,054;30,36;22,8
2024-07-13 20:41:05.166;117,0;78,6;-36,5;0,45;48,2;185,8;14,4;25;2994,0;0,067;-9,99;15,2
2024-07-13 20:41:36.910;126,0;87,0;28,38;1,37;46,8;36,8;9,7;25;2377,0;0,132;-9,99;12,9
2024-07-13 20:41:47.888;186,0;82,0;-25,07;0,38;64,6;112,5;11,5;31;4157,0;0,192;-9,99;17,4
2024-07-13 20:41:47.888;184,5;80,1;-25,73;3,74;65,0;112,0;25,4;13;1383,0;0,198;-9,99;8,2
2024-07-13 20:42:14.059;159,0;95,7;62,44;1,18;53,6;42,5;10,0;15;4018,0;0,051;-9,99;16,6
2024-07-13 20:42:24.851;135,0;84,3;10,41;0,31;51,8;81,5;18,8;52;4408,0;0,145;-9,99;16,6
2024-07-13 20:42:24.826;136,5;84,7;10,55;2,96;52,1;81,3;18,8;45;1449,0;0,13;-9,99;7,1
2024-07-13 20:42:24.890;126,0;102,3;18,84;9,58;36,0;2,0;29,1;45;804,0;0,001;-9,99;0,1
2024-07-13 20:42:29.320;94,5;80,1;2,96;2,18;32,3;175,2;19,7;25;1780,0;0,076;-9,99;9,9
2024-07-13 20:43:54.018;117,0;83,5;4,74;0,52;44,8;139,4;15,7;25;3533,0;0,122;-9,99;15,3
2024-07-13 20:44:15.221;120,0;84,9;6,7;1,23;45,3;83,0;15,9;25;1991,0;0,268;-9,99;11,9
2024-07-13 20:46:23.886;145,5;76,1;-21,78;4,1;59,0;130,9;32,2;14;1104,0;0,175;-9,99;5,9
2024-07-13 20:46:32.931;160,5;78,2;-38,83;0,32;61,5;250,3;7,2;35;2797,0;0,266;-9,99;15,4
2024-07-13 20:46:52.637;138,0;81,6;42,62;0,12;54,3;45,3;9,7;15;4390,0;0,277;-9,99;17,3
2024-07-13 20:46:52.653;147,0;88,1;43,19;7,0;53,7;44,1;35,8;45;678,0;0,277;-9,99;3,3
2024-07-13 20:47:11.678;123,0;82,1;-8,96;0,27;48,5;145,0;12,4;25;4366,0;0,184;-9,99;17,4
2024-07-13 20:47:11.688;124,5;83,3;-8,63;0,81;48,4;144,9;10,9;25;2421,0;0,168;-9,99;13,1
2024-07-13 20:47:13.477;148,5;83,2;-26,63;0,17;56,5;178,8;16,0;15;4893,0;0,236;-9,99;18,3
2024-07-13 20:47:17.998;96,0;83,1;9,27;0,39;30,2;32,1;14,9;15;3195,0;0,179;20,43;14,5
2024-07-13 20:47:26.085;288,0;77,4;-11,27;2,21;75,6;153,6;20,4;32;1868,0;0,175;-9,99;10,0
2024-07-13 20:47:33.531;189,0;75,3;-28,3;5,36;67,3;201,0;30,3;45;1144,0;0,206;-9,99;6,8
2024-07-13 20:48:14.469;145,5;81,7;-25,39;0,16;56,4;142,2;13,1;25;6240,0;0,061;-9,99;20,3
2024-07-13 20:48:24.630;114,0;83,8;-1,03;0,67;43,0;133,1;16,7;25;4495,0;0,169;-9,99;17,0
2024-07-13 20:49:25.459;153,0;89,1;8,22;0,67;54,9;95,1;17,0;25;2665,0;0,16;-9,99;13,7
2024-07-13 20:50:11.453;94,5;49,6;13,72;7,93;58,7;95,9;24,0;15;1582,0;0,149;-9,99;7,7
2024-07-13 20:51:42.528;156,0;128,1;53,21;12,3;35,2;3,7;34,6;52;1223,0;0,021;-9,99;6,6
2024-07-13 20:54:07.520;165,0;89,0;39,53;0,85;58,0;51,2;12,3;15;3124,0;0,064;-9,99;15,3
2024-07-13 20:55:44.950;114,0;83,5;29,89;2,27;43,3;27,6;16,9;42;2212,0;0,188;-9,99;10,3
2024-07-13 20:55:45.504;130,5;86,5;17,3;3,55;49,0;269,7;37,1;13;1154,0;0,313;-9,99;5,6
2024-07-13 20:55:45.504;130,5;86,4;17,3;3,55;49,0;269,7;37,0;31;1153,0;0,313;-9,99;6,5
2024-07-13 20:56:37.200;295,5;78,5;-42,72;2,55;75,9;153,4;29,5;13;1839,0;0,099;-9,99;10,5
2024-07-13 20:57:56.896;138,0;91,2;-43,11;4,41;49,1;185,3;21,3;14;1294,0;0,044;-9,99;8,2
2024-07-13 20:57:56.896;138,0;91,2;-43,11;4,41;49,1;185,3;21,3;14;1294,0;0,044;-9,99;8,4
2024-07-13 20:57:59.382;96,0;88,0;-14,87;0,44;23,7;142,6;18,0;15;4544,0;0,139;-9,99;16,6
2024-07-13 20:58:58.205;127,5;92,1;-40,04;0,78;44,1;214,1;14,2;52;4984,0;0,064;-9,99;18,8
2024-07-13 20:58:58.290;153,0;152,6;10,52;5,38;4,4;125,0;39,8;31;1383,0;0,11;-9,99;8,3
2024-07-13 20:59:15.541;121,5;86,4;9,1;0,41;45,0;199,1;18,2;15;2861,0;0,201;-9,99;11,6
2024-07-13 20:59:55.101;28,5;26,5;80,67;5,71;21,6;255,7;17,4;35;1726,0;0,11;-9,99;10,6
2024-07-13 21:00:16.744;142,5;98,5;30,98;7,67;46,7;138,6;31,1;13;1847,0;0,006;-9,99;7,8
2024-07-13 21:00:42.440;93,0;80,6;11,12;0,44;30,2;68,9;14,0;25;4953,0;0,233;12,33;18,6
2024-07-13 21:03:10.437;187,5;89,9;-10,23;1,2;62,1;316,6;8,0;13;5318,0;0,085;-9,99;17,4
2024-07-13 21:05:11.678;100,5;90,6;27,69;4,63;25,9;75,4;24,6;45;2727,0;0,087;-9,99;12,0
2024-07-13 21:05:58.818;346,5;135,5;15,86;2,63;68,4;259,5;24,5;35;1651,0;0,095;-9,99;4,4
2024-07-13 21:06:40.374;112,5;79,3;8,22;1,68;45,5;158,2;17,3;15;3152,0;0,176;-9,99;12,1
2024-07-13 21:07:32.462;100,5;91,5;30,01;1,35;24,6;112,9;13,8;14;5345,0;0,079;-9,99;17,3
2024-07-13 21:07:37.224;138,0;89,5;-32,35;1,92;50,0;203,2;24,2;31;2842,0;0,228;-9,99;9,6
2024-07-13 21:08:17.251;94,5;86,1;0,1;0,82;24,5;56,4;13,5;52;6276,0;0,122;-9,99;17,1
2024-07-13 21:08:46.339;148,5;77,2;6,11;2,02;59,2;157,6;22,6;14;2135,0;0,268;-9,99;10,9
2024-07-13 21:11:39.589;126,0;76,6;7,14;0,75;53,0;132,5;19,6;15;5674,0;0,081;-9,99;17,6
2024-07-13 21:11:55.763;103,5;88,8;5,44;0,17;31,1;130,2;16,9;25;9044,0;0,181;-9,99;19,2
2024-07-13 21:15:00.331;174,0;84,3;18,78;3,21;61,7;24,9;28,4;45;2597,0;0,08;-9,99;10,5
2024-07-13 21:15:28.968;148,5;110,5;22,82;5,67;42,4;219,0;28,9;15;2352,0;0,126;-9,99;10,6
2024-07-13 21:16:15.170;114,0;87,2;21,97;4,79;40,4;38,3;26,3;53;2056,0;0,197;-9,99;7,8
2024-07-13 21:16:27.250;111,0;81,5;15,09;2,06;43,1;342,9;16,2;51;3496,0;0,116;-9,99;13,4
2024-07-13 21:17:11.469;120,0;78,9;-4,21;0,4;49,3;181,3;16,2;25;8803,0;0,082;-9,99;19,5
2024-07-13 21:18:10.720;166,5;88,2;-0,43;0,5;58,6;48,5;10,3;15;5650,0;0,145;-9,99;17,0
2024-07-13 21:18:51.651;181,5;95,6;47,15;3,68;58,9;63,2;34,2;45;1130,0;0,527;-9,99;4,9
2024-07-13 21:19:21.405;292,5;96,1;-69,43;2,66;72,1;252,5;11,5;15;2522,0;0,107;-9,99;12,1
2024-07-13 21:19:26.208;117,0;81,4;-4,21;1,47;46,3;136,6;20,0;15;4328,0;0,103;-9,99;15,1
2024-07-13 21:21:24.936;163,5;88,0;-67,04;1,71;58,1;218,3;24,9;45;4012,0;0,178;-9,99;14,0
2024-07-13 21:21:41.346;105,0;82,7;27,05;0,77;38,3;2,1;6,2;25;5988,0;0,185;-9,99;17,2
2024-07-13 21:22:38.088;138,0;82,0;-37,77;1,02;54,1;178,9;17,1;24;3859,0;0,277;-9,99;13,3
2024-07-13 21:25:44.101;139,5;108,3;16,46;7,52;39,5;218,4;28,0;25;1632,0;0,325;-9,99;8,6
2024-07-13 21:26:00.251;106,5;77,7;-4,61;0,1;43,5;179,4;14,6;25;11819,0;0,217;-9,99;21,3
2024-07-13 21:27:14.949;87,0;76,9;-23,19;1,18;28,1;203,2;21,8;15;3161,0;0,403;-9,99;12,8
2024-07-13 21:27:32.091;148,5;89,1;33,14;6,54;53,7;64,5;39,3;51;2700,0;0,072;-9,99;9,4
2024-07-13 21:28:54.275;190,5;76,0;-16,43;2,52;67,3;171,4;34,6;51;2032,0;0,067;-9,99;6,0
2024-07-13 21:29:48.245;103,5;84,5;24,07;7,32;35,6;357,7;30,6;45;1854,0;0,155;-9,99;6,6
2024-07-13 21:31:07.965;85,5;79,4;17,24;1,76;22,0;38,7;19,4;35;3896,0;0,286;-9,99;12,6
2024-07-13 21:31:19.938;90,0;81,8;-9,98;3,12;24,8;109,3;20,3;35;2686,0;0,249;-9,99;12,6
2024-07-13 21:31:26.611;124,5;82,7;13,19;0,71;48,8;84,3;18,9;25;6368,0;0,212;-9,99;18,5
2024-07-13 21:31:46.522;198,0;87,1;-10,34;1,29;64,7;121,2;15,1;25;2729,0;0,15;-9,99;11,3
2024-07-13 21:33:33.298;118,5;90,7;14,29;5,58;40,4;144,5;33,6;23;2681,0;0,09;-9,99;11,4
2024-07-13 21:35:06.827;112,5;106,3;21,49;2,54;19,3;44,1;30,1;32;4190,0;0,023;-9,99;13,6
2024-07-13 21:35:07.264;114,0;103,8;75,33;0,28;24,7;58,7;16,2;52;7514,0;0,055;-9,99;18,6
2024-07-13 21:35:08.294;120,0;98,9;-11,3;0,73;34,8;72,9;19,3;15;2661,0;0,054;-9,99;10,2
2024-07-13 21:35:07.578;115,5;102,4;103,39;0,23;27,8;64,3;13,9;52;15236,0;0,022;-9,99;24,6
2024-07-13 21:35:07.579;124,5;110,3;95,56;3,89;27,9;65,3;18,2;52;2199,0;0,022;-9,99;10,1
2024-07-13 21:35:07.579;106,5;94,7;104,59;3,65;27,4;64,9;17,5;52;2217,0;0,022;-9,99;9,5
2024-07-13 21:35:08.291;118,5;99,7;-18,15;0,55;33,0;71,2;16,7;15;4996,0;0,042;-9,99;14,9
2024-07-13 21:36:36.203;93,0;81,7;7,21;1,37;28,7;215,0;17,6;15;2525,0;0,353;-9,99;10,8
2024-07-13 21:37:13.976;109,5;89,1;33,68;2,66;35,8;17,1;16,5;24;2883,0;0,113;-9,99;10,7
2024-07-13 21:38:32.272;517,5;118,1;-71,55;1,76;79,1;2,5;14,6;13;1361,0;0,707;-9,99;3,4
2024-07-13 21:39:24.621;186,0;90,9;67,99;1,05;61,5;42,4;13,2;15;4942,0;0,069;-9,99;17,3
2024-07-13 21:42:43.725;93,0;87,2;34,69;3,75;20,4;77,2;21,9;54;3013,0;0,084;-9,99;13,0
2024-07-13 21:43:11.514;142,5;80,5;28,66;3,22;56,1;45,1;23,2;15;1704,0;0,228;-9,99;7,5
2024-07-13 21:43:25.666;147,0;95,0;8,94;0,07;50,2;161,0;15,9;15;12166,0;0,116;37,46;23,3
2024-07-13 21:44:07.950;105,0;77,1;-7,52;1,33;43,1;308,5;18,6;45;3145,0;0,231;-9,99;11,9
2024-07-13 21:47:09.437;213,0;82,5;33,56;5,47;68,1;81,3;35,2;45;1583,0;0,243;-9,99;6,9
2024-07-13 21:48:42.837;256,5;91,3;-27,38;3,75;70,2;350,6;25,4;45;1341,0;0,222;-9,99;5,4
2024-07-13 21:48:56.907;145,5;87,9;76,21;3,84;53,4;77,3;22,6;54;2547,0;0,093;-9,99;11,0
2024-07-13 21:49:10.514;138,0;90,4;-5,57;2,93;49,5;143,0;20,8;54;2989,0;0,08;-9,99;11,8
2024-07-13 21:49:38.931;298,5;83,0;0,07;1,31;75,1;95,5;28,3;24;2737,0;0,12;-9,99;13,6
2024-07-13 21:49:38.931;298,5;83,0;0,07;1,31;75,1;95,5;28,4;42;2738,0;0,12;-9,99;12,5
2024-07-13 21:52:21.293;174,0;90,5;88,48;2,24;59,3;89,6;29,9;23;3326,0;0,06;-9,99;15,3
2024-07-13 21:52:36.243;184,5;85,1;-42,73;0,3;63,3;243,6;12,0;35;6734,0;0,054;-9,99;19,4
2024-07-13 21:52:55.739;105,0;89,8;26,25;5,08;31,4;2,8;27,1;35;2719,0;0,065;-9,99;10,1
2024-07-13 21:53:38.094;126,0;89,6;-10,21;2,0;45,1;151,0;14,5;25;4617,0;0,083;-9,99;14,7
2024-07-13 21:54:41.123;147,0;88,6;10,78;0,11;53,4;139,9;12,3;15;10431,0;0,227;-9,99;22,2
2024-07-13 21:54:41.120;148,5;89,4;10,49;0,19;53,5;139,9;10,8;25;7669,0;0,227;-9,99;19,2
2024-07-13 21:54:41.131;153,0;94,0;11,13;3,25;52,6;139,5;16,9;54;2148,0;0,197;-9,99;8,5
2024-07-13 21:54:41.147;141,0;87,8;11,47;5,32;52,0;139,2;27,3;45;1476,0;0,164;-9,99;6,1
2024-07-13 21:54:45.424;159,0;96,2;9,06;0,72;53,3;86,1;14,1;52;4294,0;0,213;-9,99;14,9
2024-07-13 21:54:45.424;159,0;96,2;9,06;0,72;53,3;86,1;14,1;25;4297,0;0,213;-9,99;15,4
2024-07-13 21:54:56.622;175,5;80,0;-10,9;6,1;63,6;264,2;34,3;45;1394,0;0,08;-9,99;6,9
2024-07-13 21:55:59.906;576,0;90,3;0,76;13,07;83,5;198,7;35,1;35;1305,0;0,029;-9,99;5,9
2024-07-13 21:57:03.504;117,0;84,5;-54,46;1,09;44,1;153,1;12,1;45;4427,0;0,1;-9,99;15,0
2024-07-13 21:57:26.581;187,5;85,2;-57,13;1,55;63,7;160,5;20,9;13;3794,0;0,236;-9,99;12,9
2024-07-13 21:58:29.109;106,5;103,3;1,79;5,39;14,2;113,3;20,7;41;2043,0;0,054;-9,99;8,4
2024-07-13 21:58:51.811;187,5;90,2;62,81;5,27;62,0;40,9;32,4;54;2992,0;0,1;-9,99;11,6
2024-07-13 22:00:12.222;121,5;90,7;-38,54;3,23;42,0;206,6;27,0;24;2732,0;0,089;-9,99;10,3
2024-07-13 22:01:18.773;120,0;97,2;-47,04;0,74;36,3;119,2;19,3;25;6755,0;0,047;-9,99;18,9
2024-07-13 22:01:30.966;162,0;85,8;-32,85;0,44;58,6;137,6;16,6;15;8228,0;0,081;-9,99;20,0
2024-07-13 22:01:35.885;117,0;91,1;40,23;2,27;39,2;25,8;18,2;42;4605,0;0,089;-9,99;15,1
2024-07-13 22:03:43.411;133,5;78,2;8,16;1,16;54,6;106,2;19,9;23;3031,0;0,066;-9,99;11,6
2024-07-13 22:03:43.411;133,5;78,2;8,18;1,16;54,6;106,2;19,9;23;3023,0;0,066;-9,99;11,8
2024-07-13 22:03:56.709;133,5;87,8;-29,05;1,34;49,3;135,7;20,0;15;4498,0;0,088;-9,99;14,5
2024-07-13 22:04:21.115;123,0;90,7;30,72;4,82;42,8;18,2;38,5;51;3021,0;0,113;-9,99;12,4
2024-07-13 22:05:35.195;117,0;84,2;-65,4;1,63;44,3;142,0;15,8;25;4020,0;0,06;-9,99;13,8
2024-07-13 22:07:29.306;183,0;89,2;56,87;3,16;61,5;18,9;37,6;54;3309,0;0,066;-9,99;12,3
2024-07-13 22:07:54.270;96,0;89,4;25,34;1,81;21,5;82,6;10,0;23;3005,0;0,111;-9,99;12,8
2024-07-13 22:08:18.277;100,5;74,9;17,49;0,75;42,1;5,5;6,0;25;5809,0;0,128;-9,99;17,3
2024-07-13 22:08:48.373;199,5;83,2;-45,03;3,89;66,2;143,0;31,8;51;2550,0;0,12;-9,99;11,0
2024-07-13 22:09:26.374;123,0;86,0;-41,9;1,18;46,0;122,7;22,2;15;4934,0;0,114;-9,99;15,1
2024-07-13 22:09:59.406;120,0;74,3;-24,89;1,54;52,2;225,1;23,4;15;3851,0;0,122;-9,99;14,5
2024-07-13 22:11:16.790;141,0;87,7;-20,4;3,65;52,0;133,1;30,5;15;2276,0;0,067;-9,99;8,7
2024-07-13 22:11:19.277;141,0;92,0;62,73;5,87;49,7;85,0;28,5;35;3013,0;0,069;-9,99;13,4
2024-07-13 22:11:28.605;130,5;85,6;39,99;0,97;49,5;83,4;19,0;25;3071,0;0,117;-9,99;12,1
2024-07-13 22:12:11.446;204,0;188,6;14,76;8,77;22,8;254,3;33,5;31;1794,0;0,062;-9,99;7,6
2024-07-13 22:13:31.725;192,0;77,1;-10,23;4,34;67,1;311,5;33,9;45;1600,0;0,319;-9,99;6,2
2024-07-13 22:14:37.992;121,5;94,1;19,25;4,27;39,6;208,9;29,7;42;2467,0;0,03;-9,99;10,6
2024-07-13 22:15:01.658;99,0;88,6;-10,88;1,34;26,8;288,7;12,6;25;5179,0;0,126;-9,99;18,2
2024-07-13 22:16:35.710;259,5;86,0;10,4;1,26;71,7;8,0;8,8;45;2252,0;0,513;-9,99;8,5
2024-07-13 22:16:39.256;166,5;92,0;22,09;4,38;57,1;174,3;37,4;53;1776,0;0,175;-9,99;4,9
2024-07-13 22:16:41.304;171,0;88,7;-11,73;1,16;59,4;174,5;18,3;15;1319,0;0,084;-9,99;4,5
2024-07-13 22:16:43.605;169,5;88,4;9,07;2,37;59,2;174,4;21,1;53;1553,0;0,167;-9,99;4,0
2024-07-13 22:16:43.605;169,5;88,4;9,07;2,38;59,2;174,4;21,1;35;1579,0;0,168;-9,99;5,7
2024-07-13 22:16:56.058;96,0;91,7;24,5;2,63;17,4;79,7;18,0;51;3642,0;0,068;-9,99;13,9
2024-07-13 22:17:26.973;220,5;85,4;-24,37;3,8;68,1;129,4;25,2;24;2057,0;0,116;-9,99;9,1
2024-07-13 22:17:34.326;120,0;77,2;0,89;0,55;50,4;226,0;21,8;25;9059,0;0,037;-9,99;21,0
2024-07-13 22:17:48.146;195,0;91,0;-54,0;3,32;62,9;251,8;17,4;53;3015,0;0,077;-9,99;12,2
2024-07-13 22:18:50.042;183,0;86,3;-59,84;3,71;62,6;153,4;34,5;45;3142,0;0,118;-9,99;12,9
2024-07-13 22:21:00.667;204,0;73,3;-4,21;5,56;69,8;294,2;38,7;51;2831,0;0,076;-9,99;11,5
2024-07-13 22:21:17.813;115,5;99,7;-6,45;6,04;30,6;177,9;21,3;52;2274,0;0,16;-9,99;9,9
2024-07-13 22:22:54.984;145,5;86,8;8,8;0,24;53,9;319,7;4,7;15;9243,0;0,136;-9,99;22,2
2024-07-13 22:23:48.296;99,0;87,5;-17,16;0,56;28,1;165,5;16,4;15;6237,0;0,183;-9,99;17,5
2024-07-13 22:23:50.659;202,5;85,3;-8,81;2,32;65,9;333,1;23,0;35;2920,0;0,15;-9,99;12,2
2024-07-13 22:24:24.317;159,0;95,8;75,29;12,6;53,5;41,1;38,0;54;1350,0;0,078;-9,99;3,6
2024-07-13 22:24:46.155;141,0;89,4;-15,61;0,17;51,1;186,1;16,0;52;12114,0;0,069;-9,99;23,4
2024-07-13 22:25:04.664;208,5;86,1;-2,22;6,59;66,5;85,0;36,9;53;2084,0;0,166;-9,99;9,2
2024-07-13 22:25:09.197;174,0;81,4;-9,51;3,91;62,8;98,2;27,7;24;2068,0;0,198;-9,99;9,0
2024-07-13 22:25:10.155;163,5;88,2;-2,58;0,8;58,0;87,3;14,0;13;3292,0;0,246;-9,99;12,1
2024-07-13 22:25:10.181;145,5;78,1;-2,36;0,93;58,1;87,3;13,5;31;3089,0;0,253;-9,99;11,7
2024-07-13 22:25:10.160;148,5;79,9;-2,52;0,96;58,0;87,3;14,3;31;3007,0;0,249;-9,99;11,5
2024-07-13 22:25:32.035;91,5;84,6;-18,47;2,43;22,5;204,1;25,8;24;2369,0;0,247;-9,99;10,0
2024-07-13 22:25:56.896;279,0;82,8;37,54;1,22;73,9;137,2;26,1;23;4244,0;0,043;-9,99;15,8
2024-07-13 22:26:06.728;102,0;93,5;26,7;2,07;23,8;213,2;26,9;51;2678,0;0,085;-9,99;11,0
2024-07-13 22:26:45.770;96,0;94,3;-2,95;3,53;10,9;58,7;23,9;15;4398,0;0,061;-9,99;14,3
2024-07-13 22:27:16.392;136,5;87,3;-21,65;2,44;50,7;141,5;13,0;45;3699,0;0,076;-9,99;13,9
2024-07-13 22:27:38.483;184,5;91,3;0,5;2,37;61,1;133,1;20,5;51;4011,0;0,041;-9,99;15,6
2024-07-13 22:27:41.520;93,0;90,9;13,35;0,8;12,3;123,7;18,9;15;7995,0;0,087;-9,99;19,7
2024-07-13 22:28:19.251;184,5;98,1;-1,01;0,23;58,6;11,2;10,7;45;7065,0;0,095;-9,99;18,9
2024-07-13 22:29:07.235;151,5;77,2;16,68;1,23;60,0;70,5;17,1;35;4080,0;0,086;-9,99;15,1
2024-07-13 22:29:24.112;106,5;78,2;-23,19;0,29;43,1;173,8;16,7;15;9744,0;0,108;-9,99;21,3
2024-07-13 22:30:29.858;111,0;81,1;-2,77;0,28;43,4;274,7;9,4;15;8310,0;0,166;-9,99;19,1
2024-07-13 22:31:55.368;136,5;81,8;-39,46;3,12;53,7;227,8;32,1;51;2369,0;0,162;-9,99;9,8
2024-07-13 22:32:23.744;297,0;76,8;11,45;0,85;76,3;275,8;7,3;13;3444,0;0,372;-9,99;15,1
2024-07-13 22:32:43.603;96,0;80,2;-2,45;0,08;33,6;101,4;15,3;15;11627,0;0,288;-9,99;17,4
2024-07-13 22:32:43.602;105,0;87,8;-2,34;3,27;33,6;101,1;26,2;53;1944,0;0,286;-9,99;7,4
2024-07-13 22:32:43.614;99,0;82,9;-2,99;2,9;33,4;101,1;24,7;53;1787,0;0,302;-9,99;6,1
2024-07-13 22:32:59.971;166,5;91,3;43,71;0,68;57,4;82,3;15,0;25;7340,0;0,105;-9,99;20,0
2024-07-13 22:32:59.966;175,5;143,6;51,39;13,48;35,5;6,1;34,6;45;1306,0;0,001;-9,99;5,9
2024-07-13 22:33:19.466;253,5;89,3;49,72;0,45;70,4;108,5;10,2;31;4070,0;0,356;-9,99;16,3
2024-07-13 22:35:12.878;109,5;83,7;-29,6;0,04;40,4;184,6;15,4;25;15708,0;0,234;-9,99;25,5
2024-07-13 22:35:12.890;108,0;82,7;-29,61;0,44;40,4;184,5;15,3;25;4501,0;0,235;-9,99;13,8
2024-07-13 22:35:12.883;112,5;85,7;-29,48;2,31;40,7;184,6;20,0;54;2275,0;0,239;-9,99;8,1
2024-07-13 22:35:55.131;126,0;82,2;-26,74;5,28;49,7;136,2;28,2;51;1148,0;0,055;-9,99;3,0
2024-07-13 22:36:14.349;145,5;98,2;12,79;10,63;48,1;139,8;25,7;13;3054,0;0,024;-9,99;11,7
2024-07-13 22:36:17.214;106,5;71,8;-23,32;2,34;48,0;188,2;22,0;52;3496,0;0,056;-9,99;12,9
2024-07-13 22:36:24.723;120,0;92,8;8,64;0,98;39,7;98,9;17,6;15;8068,0;0,024;-9,99;20,3
2024-07-13 22:36:48.757;181,5;155,0;117,1;9,18;31,8;177,4;31,5;14;1661,0;0,022;-9,99;7,6
2024-07-13 22:36:48.757;181,5;155,0;117,1;9,18;31,8;177,4;31,5;41;1661,0;0,022;-9,99;7,3
2024-07-13 22:36:49.258;187,5;160,1;13,05;11,35;31,8;175,2;31,7;41;1523,0;0,021;-9,99;6,5
2024-07-13 22:36:58.578;93,0;86,6;-15,36;1,37;21,6;181,8;14,8;41;3285,0;0,207;-9,99;12,4
2024-07-13 22:38:48.347;97,5;82,0;-3,3;0,31;32,9;211,6;14,7;15;8198,0;0,327;-9,99;19,5
2024-07-13 22:39:40.549;123,0;85,1;-11,16;3,6;46,6;222,2;23,0;25;2390,0;0,318;-9,99;9,1
2024-07-13 22:40:30.763;91,5;90,0;6,16;2,98;10,3;88,7;33,3;15;4425,0;0,065;-9,99;14,1
2024-07-13 22:42:35.779;100,5;93,4;11,87;5,94;21,8;151,4;38,2;54;3706,0;0,051;-9,99;13,8
2024-07-13 22:45:09.384;117,0;94,3;-23,05;0,13;36,6;95,9;18,2;15;11838,0;0,047;-9,99;23,1
2024-07-13 22:45:10.437;118,5;88,4;23,87;0,24;42,1;91,1;15,6;25;3441,0;0,124;-9,99;13,4
2024-07-13 22:45:09.418;123,0;72,7;-22,6;4,04;54,2;232,5;30,1;32;2092,0;0,035;-9,99;6,8
2024-07-13 22:45:09.379;120,0;70,8;-24,12;6,72;54,3;232,5;35,7;23;1642,0;0,034;-9,99;6,9
2024-07-13 22:45:31.848;144,0;90,6;20,6;0,49;51,5;35,4;7,1;25;8096,0;0,103;-9,99;19,6
2024-07-13 22:47:27.595;291,0;98,7;16,44;0,6;71,4;245,5;12,0;52;5339,0;0,074;-9,99;17,3
2024-07-13 22:47:36.429;97,5;91,3;18,75;1,69;20,7;45,3;18,9;31;4575,0;0,083;-9,99;14,9
2024-07-13 22:47:44.150;105,0;98,3;-10,56;0,27;20,8;49,5;13,6;15;14356,0;0,037;-9,99;23,5
2024-07-13 22:47:59.058;348,0;97,9;67,01;4,74;75,2;87,1;31,3;24;1833,0;0,263;-9,99;8,7
2024-07-13 22:49:57.376;180,0;93,6;40,65;0,11;59,4;87,4;11,7;25;12881,0;0,064;-9,99;23,8
2024-07-13 22:49:57.376;174,0;90,6;42,19;6,41;59,3;86,9;38,0;13;1925,0;0,063;-9,99;7,1
2024-07-13 22:49:57.378;183,0;157,0;41,7;8,63;31,3;10,5;34,8;15;2088,0;0,053;-9,99;7,6
2024-07-13 22:50:00.486;108,0;89,2;32,19;0,2;34,5;127,7;15,3;15;8323,0;0,179;22,65;20,2
2024-07-13 22:50:00.459;114,0;74,2;32,32;8,52;49,8;279,7;37,2;42;1606,0;0,189;-9,99;4,6
2024-07-13 22:51:21.530;96,0;88,8;19,03;0,48;22,4;79,4;14,8;25;9140,0;0,139;35,16;20,2
2024-07-13 22:52:27.693;148,5;80,4;47,71;0,53;57,8;34,6;9,4;35;4964,0;0,118;-9,99;16,0
2024-07-13 22:52:39.861;129,0;86,5;-47,81;0,02;48,3;185,1;14,6;25;25032,0;0,471;-9,99;29,4
2024-07-13 22:52:39.877;138,0;92,6;-47,66;0,35;48,3;185,1;15,7;25;3662,0;0,469;-9,99;12,7
2024-07-13 22:52:39.856;123,0;82,4;-47,91;0,3;48,4;185,1;15,6;52;3853,0;0,459;-9,99;13,1
2024-07-13 22:53:20.517;211,5;87,1;27,59;3,08;66,5;83,9;19,8;31;2373,0;0,115;-9,99;11,2
2024-07-13 22:53:44.152;151,5;88,0;13,9;11,5;55,0;40,5;39,2;54;1374,0;0,155;-9,99;4,3
2024-07-13 22:54:04.363;168,0;87,6;1,93;3,9;59,2;120,0;32,1;35;2605,0;0,105;-9,99;10,6
2024-07-13 22:54:09.587;177,0;86,8;7,67;0,46;61,3;83,8;15,6;25;6828,0;0,139;-9,99;18,3
2024-07-13 22:54:09.558;183,0;150,8;12,29;11,57;35,0;8,9;33,4;14;1420,0;0,002;-9,99;3,9
2024-07-13 22:54:09.517;171,0;140,5;9,2;12,09;35,2;8,6;28,2;25;1360,0;0,029;-9,99;5,4
2024-07-13 22:55:13.141;124,5;95,9;-46,79;0,82;40,0;104,9;16,5;51;7574,0;0,039;-9,99;19,2
2024-07-13 22:56:33.963;90,0;82,2;-31,0;0,79;24,2;179,1;13,8;13;5394,0;0,284;-9,99;17,4
2024-07-13 22:56:47.496;172,5;91,9;54,74;1,17;58,4;90,4;18,8;23;4159,0;0,053;-9,99;15,8
2024-07-13 22:56:47.490;174,0;92,6;54,42;1,76;58,5;90,6;25,2;32;3693,0;0,054;-9,99;14,3
2024-07-13 22:58:35.422;100,5;55,5;-36,56;8,02;56,9;230,2;23,9;53;1916,0;0,204;-9,99;7,8
2024-07-13 22:59:31.379;151,5;90,3;40,88;1,82;54,0;41,7;12,0;13;3909,0;0,102;-9,99;14,6
2024-07-13 22:59:49.222;30,0;28,0;30,68;6,11;21,3;258,0;26,3;35;1355,0;0,177;-9,99;6,0
2024-07-13 23:01:16.691;288,0;92,2;12,65;4,94;72,6;238,7;37,7;23;2103,0;0,099;-9,99;9,1
2024-07-13 23:02:10.266;109,5;80,6;-33,01;0,31;42,9;189,2;17,0;52;6460,0;0,22;-9,99;17,4
2024-07-13 23:03:48.888;145,5;86,2;-21,33;0,89;54,2;221,5;20,2;25;6356,0;0,099;-9,99;18,6
2024-07-13 23:05:45.416;93,0;81,2;-33,19;1,23;29,4;165,8;18,9;15;2594,0;0,463;-9,99;11,0
2024-07-13 23:06:58.344;136,5;80,9;-41,45;0,11;54,2;131,5;13,0;15;11042,0;0,163;28,53;22,4
2024-07-13 23:06:58.342;145,5;86,8;-40,02;5,1;53,9;131,8;39,5;51;1761,0;0,162;-9,99;7,6
2024-07-13 23:08:26.160;88,5;82,7;23,53;0,75;20,9;55,3;14,3;15;4024,0;0,207;-9,99;13,7
2024-07-13 23:09:47.646;87,0;81,3;-7,77;0,37;21,0;130,4;17,5;25;8174,0;0,247;-9,99;19,9
2024-07-13 23:10:35.080;96,0;82,3;26,05;2,16;31,2;64,8;27,6;32;2623,0;0,254;-9,99;9,9
2024-07-13 23:11:08.046;157,5;50,9;-4,66;5,38;71,8;68,6;17,0;52;3831,0;0,086;-9,99;12,1
2024-07-13 23:11:41.069;117,0;79,3;-10,86;0,07;47,7;172,9;14,9;15;11703,0;0,203;12,64;22,5
2024-07-13 23:11:41.053;123,0;82,9;-10,83;3,53;48,0;172,8;28,3;13;2051,0;0,215;-9,99;8,1
2024-07-13 23:11:45.893;208,5;83,8;-9,22;1,28;67,2;149,8;23,6;13;3216,0;0,121;-9,99;11,9
2024-07-13 23:12:19.854;129,0;90,3;5,05;0,47;46,0;145,4;12,5;25;7007,0;0,139;29,57;17,7
2024-07-13 23:13:12.534;163,5;91,2;-10,07;3,25;56,7;190,5;26,0;35;4840,0;0,061;-9,99;15,4
2024-07-13 23:14:08.656;159,0;86,4;1,87;1,45;57,7;148,3;18,5;13;3223,0;0,062;-9,99;11,7
2024-07-13 23:14:48.957;286,5;89,6;42,3;2,44;73,0;17,7;25,2;13;2879,0;0,196;-9,99;10,6
2024-07-13 23:15:50.229;111,0;79,8;-5,97;1,29;44,4;101,7;19,9;25;5435,0;0,147;-9,99;16,6
2024-07-13 23:18:24.458;151,5;128,8;0,77;5,66;32,1;6,7;27,3;25;2180,0;0,102;-9,99;9,1
2024-07-13 23:18:33.702;117,0;80,7;-27,58;0,33;46,8;186,3;16,2;25;8007,0;0,14;-9,99;19,1
2024-07-13 23:20:08.382;186,0;168,7;-27,8;7,5;25,2;74,7;39,6;25;2041,0;0,047;-9,99;9,8
2024-07-13 23:20:13.637;117,0;91,8;-19,29;1,97;38,7;7,7;13,7;45;3315,0;0,062;-9,99;13,2
2024-07-13 23:20:48.386;94,5;86,4;10,14;2,07;24,0;54,2;24,7;31;2733,0;0,31;-9,99;10,9
2024-07-13 23:20:59.437;102,0;88,1;16,09;1,63;30,5;26,2;18,0;15;3161,0;0,139;-9,99;13,4
2024-07-13 23:21:32.381;100,5;90,6;8,09;1,64;25,8;83,9;13,8;25;6022,0;0,048;-9,99;17,7
2024-07-13 23:21:39.195;220,5;83,9;-31,35;1,38;68,6;185,0;26,8;13;4091,0;0,183;-9,99;14,6
2024-07-13 23:21:53.053;199,5;98,0;-56,4;6,04;61,4;114,5;37,9;45;3228,0;0,052;-9,99;11,4
2024-07-13 23:21:53.766;201,0;91,5;20,41;3,11;63,7;118,3;23,2;24;2880,0;0,053;-9,99;11,3
2024-07-13 23:24:49.608;190,5;92,8;-8,82;2,1;61,6;354,7;24,1;54;3154,0;0,167;-9,99;11,4
2024-07-13 23:25:17.146;106,5;74,8;-8,4;3,31;45,8;140,9;18,0;35;2101,0;0,165;-9,99;8,7
2024-07-13 23:26:55.856;127,5;89,0;-12,9;0,36;46,1;229,3;17,0;25;8235,0;0,19;-9,99;19,6
2024-07-13 23:26:55.840;129,0;87,4;10,8;0,22;47,8;227,2;17,7;15;8031,0;0,221;-9,99;18,4
2024-07-13 23:26:55.840;129,0;87,4;10,8;0,22;47,8;227,2;17,7;15;8029,0;0,221;-9,99;19,5
2024-07-13 23:26:55.915;603,0;114,9;11,54;9,59;81,7;194,5;39,7;14;1535,0;0,12;-9,99;4,9
2024-07-13 23:26:55.917;126,0;83,9;11,44;5,97;48,7;227,6;39,0;51;1571,0;0,128;-9,99;6,1
2024-07-13 23:26:55.915;603,0;114,9;11,54;9,59;81,7;194,5;39,6;14;1535,0;0,12;-9,99;5,2
2024-07-13 23:27:01.688;121,5;81,0;31,75;7,13;48,6;45,2;27,8;35;1722,0;0,396;-9,99;6,9
2024-07-13 23:28:19.861;172,5;91,6;-4,13;2,63;58,6;172,6;27,2;35;5900,0;0,05;-9,99;16,7
2024-07-13 23:28:50.731;93,0;87,0;-9,65;4,02;20,8;183,0;27,4;45;2403,0;0,203;-9,99;10,5
2024-07-13 23:29:08.346;219,0;80,2;-13,82;3,64;69,4;224,8;39,8;45;3308,0;0,078;-9,99;14,7
2024-07-13 23:29:32.739;133,5;92,9;-3,24;7,73;46,3;137,9;34,2;53;1419,0;0,001;-9,99;4,4
2024-07-13 23:29:37.488;100,5;92,4;7,03;4,33;23,4;156,8;33,3;15;3421,0;0,078;-9,99;13,0
2024-07-13 23:30:14.590;135,0;78,5;-17,6;4,19;55,0;233,9;32,4;51;2190,0;0,105;-9,99;9,1
2024-07-13 23:30:48.400;93,0;92,4;-4,48;5,29;6,4;171,9;33,7;35;3837,0;0,057;-9,99;14,4
2024-07-13 23:31:27.282;96,0;82,2;-32,16;5,31;31,3;175,0;26,7;53;1783,0;0,206;-9,99;6,8
2024-07-13 23:31:30.518;123,0;85,4;-0,86;0,14;46,4;223,3;19,1;15;8704,0;0,271;-9,99;18,8
2024-07-13 23:31:36.904;154,5;125,3;38,79;8,76;36,2;5,3;26,5;25;2379,0;0,027;-9,99;10,5
2024-07-13 23:32:42.514;150,0;87,1;-0,26;3,7;55,0;279,2;17,0;53;2508,0;0,121;-9,99;10,0
2024-07-13 23:32:42.514;150,0;87,1;-0,26;3,7;55,0;279,2;17,2;35;2507,0;0,121;-9,99;9,9
2024-07-13 23:32:42.514;150,0;87,2;-0,25;3,65;55,0;279,2;16,8;35;2524,0;0,121;-9,99;8,6
2024-07-13 23:34:44.578;150,0;80,4;-57,53;0,44;58,1;136,2;14,1;15;6026,0;0,316;-9,99;16,7
2024-07-13 23:35:15.640;298,5;66,3;-0,19;8,17;78,5;198,6;33,6;14;1977,0;0,025;-9,99;8,5
2024-07-13 23:36:28.323;174,0;89,6;-5,01;0,12;59,7;43,2;7,8;15;13929,0;0,066;-9,99;24,3
2024-07-13 23:36:28.317;165,0;87,8;-5,51;6,05;58,5;44,2;39,0;13;2292,0;0,067;-9,99;8,8
2024-07-13 23:36:28.323;180,0;95,9;-4,51;6,05;58,5;43,9;32,8;13;2064,0;0,07;-9,99;7,9
2024-07-13 23:36:28.323;180,0;95,9;-4,51;6,05;58,5;43,9;32,8;13;2065,0;0,07;-9,99;8,9
2024-07-13 23:36:53.744;139,5;89,1;33,71;5,94;50,8;42,5;26,0;41;1735,0;0,12;-9,99;6,8
2024-07-13 23:38:12.541;117,0;79,5;31,94;5,84;47,6;39,4;29,7;45;1013,0;0,136;-9,99;2,0
2024-07-13 23:39:24.520;94,5;89,6;6,48;0,14;18,7;169,2;16,3;25;20093,0;0,055;37,21;25,8
2024-07-13 23:39:24.520;100,5;69,4;7,09;9,6;46,6;281,8;29,2;35;3137,0;0,043;-9,99;11,1
2024-07-13 23:39:24.518;91,5;63,8;6,81;7,73;46,0;281,7;40,0;25;3070,0;0,046;-9,99;10,8
2024-07-13 23:39:43.411;96,0;85,2;-12,82;2,55;27,6;178,1;23,4;31;3191,0;0,201;-9,99;11,4
2024-07-13 23:40:59.242;192,0;90,1;-9,31;1,43;62,8;113,5;15,3;41;3441,0;0,054;-9,99;13,2
2024-07-13 23:42:43.710;177,0;88,6;-16,98;0,89;60,7;246,3;7,8;35;6094,0;0,086;-9,99;17,8
2024-07-13 23:44:42.002;93,0;78,7;-10,69;5,57;32,5;201,8;31,2;35;1552,0;0,056;-9,99;5,8
2024-07-13 23:44:42.002;93,0;78,7;-10,65;5,55;32,5;201,7;31,1;35;1555,0;0,056;-9,99;6,9
2024-07-13 23:44:41.998;87,0;73,6;-15,97;4,82;32,4;201,4;27,9;14;1681,0;0,065;-9,99;7,7
2024-07-13 23:44:42.002;93,0;78,7;-10,63;5,54;32,5;201,7;31,1;35;1559,0;0,056;-9,99;5,7
2024-07-13 23:46:00.682;183,0;75,5;-6,76;1,93;66,4;107,4;21,5;13;3442,0;0,043;-9,99;13,9
2024-07-13 23:46:28.432;97,5;87,9;-13,55;0,21;25,9;97,0;14,1;25;19157,0;0,069;33,38;26,5
2024-07-13 23:47:02.254;136,5;89,9;-18,58;2,86;49,3;12,5;29,7;35;4553,0;0,072;-9,99;14,7
2024-07-13 23:48:31.744;94,5;90,3;-18,5;0,02;17,2;171,4;16,7;25;33653,0;0,14;32,22;30,5
2024-07-13 23:48:31.744;103,5;98,9;-18,24;0,86;17,2;171,8;15,1;25;4913,0;0,141;-9,99;15,3
2024-07-13 23:48:47.994;99,0;91,7;-17,06;0,04;22,3;166,4;14,5;15;27797,0;0,114;22,02;28,9
2024-07-13 23:48:48.022;100,5;93,1;-17,0;0,5;22,3;166,6;15,2;15;6048,0;0,116;22,19;17,0
2024-07-13 23:48:47.994;90,0;83,6;-17,28;1,43;21,9;166,8;13,7;14;3867,0;0,12;-9,99;13,1
2024-07-13 23:48:48.024;105,0;97,4;-17,06;1,01;22,1;166,4;15,3;14;4327,0;0,12;-9,99;14,5
2024-07-13 23:48:47.990;108,0;100,2;-17,11;1,09;22,0;166,7;13,6;14;4424,0;0,12;-9,99;14,3
2024-07-13 23:48:48.011;97,5;71,2;-17,39;5,66;43,4;279,0;40,0;15;1908,0;0,137;-9,99;7,4
2024-07-13 23:48:54.363;139,5;88,7;-21,4;2,27;51,0;7,8;29,2;35;4586,0;0,093;-9,99;14,6
2024-07-13 23:49:26.851;178,5;87,5;32,93;0,26;61,4;90,0;16,4;32;6227,0;0,133;-9,99;18,3
2024-07-13 23:49:53.792;147,0;89,7;-14,02;0,41;52,9;179,2;14,0;52;11028,0;0,091;-9,99;22,3
2024-07-13 23:50:07.443;214,5;89,7;-9,41;2,16;66,1;249,3;10,7;25;4384,0;0,086;-9,99;15,1
2024-07-13 23:50:45.627;91,5;80,2;-8,91;0,07;29,0;117,3;16,3;52;14636,0;0,276;-9,99;23,8
2024-07-13 23:50:56.667;103,5;87,0;-37,46;0,46;33,0;203,0;15,2;15;8890,0;0,09;32,98;21,2
2024-07-13 23:51:32.192;105,0;93,5;10,47;0,35;27,3;215,5;14,2;15;18297,0;0,029;42,65;26,1
2024-07-13 23:52:26.872;384,0;85,7;-12,11;6,48;78,8;171,0;39,5;13;1870,0;0,032;-9,99;8,1
2024-07-13 23:53:11.562;372,0;73,9;-29,31;9,44;80,2;195,3;26,2;25;1691,0;0,07;-9,99;7,7
2024-07-13 23:53:46.280;109,5;85,8;44,58;8,25;38,7;6,0;27,8;54;1839,0;0,116;-9,99;7,7
2024-07-13 23:53:54.149;139,5;95,7;-8,77;0,62;47,1;222,3;18,0;25;8530,0;0,046;-9,99;20,2
2024-07-13 23:53:57.650;120,0;81,8;-40,56;1,04;47,4;135,8;14,4;15;5785,0;0,068;-9,99;17,0
2024-07-13 23:54:05.133;100,5;86,7;-16,72;3,44;30,6;183,3;27,9;31;2638,0;0,138;-9,99;9,1
2024-07-13 23:54:48.560;297,0;91,8;24,79;4,83;73,3;110,5;33,9;45;3575,0;0,042;-9,99;15,9
2024-07-13 23:55:35.835;184,5;85,3;-40,87;0,3;63,2;204,8;7,7;25;8281,0;0,217;-9,99;19,9
2024-07-13 23:55:50.942;102,0;78,7;1,0;1,21;39,8;137,8;16,1;31;4763,0;0,233;-9,99;15,0
2024-07-13 23:55:53.630;148,5;93,6;-6,31;0,73;51,5;219,4;19,1;25;7003,0;0,099;-9,99;18,2
2024-07-13 23:57:03.522;571,5;97,6;54,07;5,17;82,7;2,6;32,0;23;1699,0;0,185;-9,99;6,5
2024-07-13 23:58:06.878;154,5;85,9;-46,07;3,18;56,8;219,2;37,9;45;3420,0;0,082;-9,99;13,1
2024-07-13 23:58:42.414;111,0;78,6;-7,12;0,59;45,3;168,4;17,3;15;6658,0;0,153;-9,99;19,2
2024-07-13 23:59:37.232;192,0;83,1;17,47;2,29;65,1;81,4;18,0;13;2731,0;0,152;-9,99;11,4
2024-07-13 23:59:39.181;91,5;87,1;5,03;1,21;17,9;159,8;17,6;15;7374,0;0,088;-9,99;18,8
2024-07-13 23:59:43.822;144,0;94,8;-38,98;0,62;49,3;179,4;16,2;25;8468,0;0,054;-9,99;19,6
