13/07/2024;18:03:10.549;0000B;102,0;80,8;32,03;1,06;37,9;18,5;1;13,2;15;1;3216,0;0,304;-9,99;13,8
13/07/2024;18:03:35.499;0000C;177,0;92,7;19,09;1,9;59,1;339,4;1;21,3;45;1;3868,0;0,05;-9,99;15,9
13/07/2024;18:03:42.952;0000D;177,0;75,6;-20,69;1,73;65,4;101,4;1;24,1;15;1;2542,0;0,15;-9,99;14,3
13/07/2024;18:03:44.006;0000E;129,0;90,2;38,87;0,55;46,1;339,8;1;11,4;51;1;5537,0;0,091;-9,99;19,6
13/07/2024;18:04:24.099;0000F;261,0;85,7;24,59;0,21;71,9;23,0;1;10,3;45;1;6489,0;0,092;-9,99;21,5
13/07/2024;18:04:24.099;0000H;267,0;77,2;24,53;6,51;74,3;23,8;1;23,1;45;1;1151,0;0,12;-9,99;6,8
13/07/2024;18:04:33.400;0000L;184,5;87,1;23,6;1,92;62,6;134,7;1;22,7;24;1;1464,0;0,042;-9,99;7,3
13/07/2024;18:05:25.392;0000Z;219,0;80,6;61,44;2,43;69,3;0,7;1;17,8;35;1;2200,0;0,118;-9,99;10,0
13/07/2024;18:05:47.779;00011;135,0;98,7;34,43;0,08;43,4;88,4;1;14,6;25;1;18743,0;0,06;32,11;28,1
13/07/2024;18:05:47.794;00012;141,0;104,1;34,33;2,08;42,9;88,4;1;23,1;25;1;3035,0;0,06;-9,99;12,2
13/07/2024;18:05:47.752;00013;129,0;95,3;34,95;3,6;42,8;88,4;1;26,2;25;1;2646,0;0,052;-9,99;10,7
13/07/2024;18:05:51.587;00014;127,5;95,9;-56,44;0,75;41,6;230,0;1;20,1;25;1;6582,0;0,044;-9,99;19,0
13/07/2024;18:06:38.309;00018;132,0;81,5;21,43;4,63;52,3;143,6;1;31,7;45;1;1278,0;0,227;-9,99;4,6
13/07/2024;18:06:39.573;00019;192,0;88,4;32,31;0,85;63,4;342,2;1;19,4;54;1;3556,0;0,123;-9,99;16,6
13/07/2024;18:06:39.563;0001A;193,5;89,7;32,44;0,9;63,2;342,2;1;19,9;15;1;3391,0;0,116;-9,99;16,7
13/07/2024;18:07:33.286;0001F;186,0;88,5;-5,3;3,55;62,3;22,3;1;34,5;45;1;1385,0;0,244;-9,99;8,2
13/07/2024;18:08:27.758;0001L;318,0;98,6;-42,13;0,72;73,3;243,5;1;17,7;25;1;3514,0;0,093;-9,99;16,9
13/07/2024;18:09:53.792;00020;100,5;89,9;15,65;1,12;26,7;43,2;1;16,0;31;1;4907,0;0,072;-9,99;17,9
13/07/2024;18:10:06.829;00023;156,0;88,9;38,77;2,43;55,9;5,7;1;16,7;45;1;3198,0;0,087;-9,99;15,1
13/07/2024;18:10:39.251;00025;100,5;79,5;-2,3;1,67;38,0;215,2;1;15,7;41;1;3185,0;0,093;-9,99;14,8
13/07/2024;18:11:09.176;00027;270,0;110,3;-28,41;1,78;67,0;184,1;2;31,0;45;1;1938,0;0,231;-9,99;12,4
13/07/2024;18:11:09.176;00027;270,0;92,3;-28,41;1,78;71,2;240,9;2;27,0;35;1;1938,0;0,231;-9,99;12,4
13/07/2024;18:11:25.802;00028;139,5;91,6;59,14;1,49;49,4;31,8;1;11,5;52;1;3356,0;0,094;-9,99;15,0
13/07/2024;18:11:25.803;00029;141,0;94,1;57,17;9,02;48,6;33,7;1;33,5;54;1;1320,0;0,084;-9,99;6,6
13/07/2024;18:11:36.282;0002A;115,5;87,4;14,46;1,01;41,1;33,7;1;9,4;25;1;4988,0;0,153;-9,99;18,7
13/07/2024;18:13:23.966;0002P;109,5;91,1;29,54;0,11;34,0;71,8;1;15,9;51;1;3236,0;0,209;-9,99;15,0
13/07/2024;18:13:24.083;0002Q;108,0;88,2;10,41;0,07;35,5;69,9;1;15,1;15;1;3877,0;0,247;-9,99;16,0
13/07/2024;18:13:24.275;0002S;106,5;72,2;23,43;2,72;47,7;251,3;3;39,3;45;1;1379,0;0,07;-9,99;5,8
13/07/2024;18:13:24.275;0002S;106,5;104,0;23,43;2,72;12,6;26,7;3;37,8;14;1;1379,0;0,07;-9,99;5,8
13/07/2024;18:13:24.275;0002S;106,5;87,5;23,43;2,72;35,0;71,0;3;34,7;15;1;1379,0;0,07;-9,99;5,8
13/07/2024;18:13:24.138;0002T;112,5;93,2;30,81;3,82;34,3;72,1;1;35,6;15;1;1056,0;0,227;-9,99;4,1
13/07/2024;18:13:25.110;0002V;105,0;72,8;10,97;3,37;46,5;252,6;3;33,9;45;1;1475,0;0,2;-9,99;7,7
13/07/2024;18:13:25.110;0002V;105,0;102,0;10,97;3,37;13,8;26,3;3;37,0;14;1;1475,0;0,2;-9,99;7,7
13/07/2024;18:13:25.110;0002V;105,0;85,1;10,97;3,37;36,1;69,5;3;39,0;15;1;1475,0;0,2;-9,99;7,7
13/07/2024;18:13:25.176;0002X;111,0;76,7;15,65;3,03;46,6;252,4;2;32,3;54;1;1614,0;0,176;-9,99;7,9
13/07/2024;18:13:25.176;0002X;111,0;107,9;15,65;3,03;13,6;26,5;2;35,6;41;1;1614,0;0,176;-9,99;7,9
13/07/2024;18:13:34.798;00031;187,5;91,5;53,64;5,08;61,5;10,4;1;35,7;54;1;1761,0;0,214;-9,99;9,1
13/07/2024;18:14:00.173;00035;102,0;90,2;7,17;0,05;28,0;44,3;1;13,9;25;1;17953,0;0,104;38,51;25,6
13/07/2024;18:14:00.173;00036;108,0;95,6;7,39;2,58;28,0;44,3;1;22,7;35;1;2678,0;0,107;-9,99;12,3
13/07/2024;18:14:00.182;00037;93,0;82,2;7,71;2,32;28,1;44,4;1;20,4;35;1;2697,0;0,101;-9,99;11,8
13/07/2024;18:14:09.781;00038;130,5;88,2;17,4;4,22;47,9;215,6;1;28,8;45;1;1736,0;0,169;-9,99;8,6
13/07/2024;18:14:56.288;0003A;168,0;85,9;20,95;0,39;59,9;265,9;1;9,1;35;1;5560,0;0,156;-9,99;20,7
13/07/2024;18:14:56.307;0003B;169,5;85,0;21,26;3,3;60,6;265,9;1;28,3;35;1;2017,0;0,155;-9,99;11,3
13/07/2024;18:16:06.298;0003F;174,0;84,5;20,67;3,97;61,6;101,5;1;37,5;45;1;996,0;0,182;-9,99;3,4
13/07/2024;18:16:06.438;0003G;174,0;84,3;19,73;3,78;61,7;101,5;1;35,0;54;1;1182,0;0,099;-9,99;6,0
13/07/2024;18:16:06.438;0003H;174,0;84,3;19,71;3,78;61,7;101,5;1;35,0;54;1;1191,0;0,099;-9,99;4,3
13/07/2024;18:16:07.835;0003I;117,0;112,6;2,79;4,21;16,0;156,3;2;37,7;24;1;2441,0;0,055;-9,99;12,7
13/07/2024;18:16:07.835;0003I;117,0;92,8;2,79;4,21;37,9;115,0;2;33,9;15;1;2441,0;0,055;-9,99;12,7
13/07/2024;18:16:15.126;0003K;108,0;90,5;24,6;0,23;33,4;0,3;1;6,7;25;1;9520,0;0,073;32,88;24,2
13/07/2024;18:16:18.198;0003N;163,5;130,6;39,7;11,68;37,4;165,3;1;36,6;23;1;1068,0;0,215;-9,99;6,5
13/07/2024;18:16:19.421;0003O;112,5;81,7;-4,52;3,82;43,8;347,1;1;23,7;31;1;1498,0;0,128;-9,99;7,8
13/07/2024;18:16:24.838;0003P;130,5;87,5;-5,45;1,0;48,3;12,6;1;15,2;15;1;4497,0;0,109;-9,99;18,6
13/07/2024;18:16:26.965;0003R;99,0;85,3;-22,15;0,77;30,8;327,4;1;9,7;15;1;4861,0;0,186;-9,99;19,5
13/07/2024;18:17:46.664;0003Y;105,0;92,3;3,75;0,97;28,7;337,1;1;18,0;15;1;4690,0;0,055;-9,99;18,6
13/07/2024;18:18:08.872;00044;100,5;92,2;-14,11;3,19;23,7;139,8;1;29,0;25;1;3260,0;0,061;-9,99;15,3
13/07/2024;18:18:24.918;00045;163,5;85,5;-3,54;3,04;59,1;315,2;1;19,2;23;1;1255,0;0,148;-9,99;6,6
13/07/2024;18:19:07.459;00048;99,0;90,5;-16,66;1,28;24,2;243,8;1;13,2;52;1;2589,0;0,082;-9,99;14,2
13/07/2024;18:19:53.432;0004B;145,5;84,5;2,9;4,47;55,0;326,9;1;25,9;54;1;1652,0;0,183;-9,99;8,1
13/07/2024;18:20:04.606;0004D;205,5;81,6;28,97;1,9;67,5;157,3;1;20,2;13;1;2436,0;0,087;-9,99;11,5
13/07/2024;18:22:21.302;0004J;97,5;83,0;-8,3;2,01;31,9;332,4;1;15,7;15;1;2342,0;0,257;-9,99;13,1
13/07/2024;18:23:30.600;0004M;120,0;78,3;9,87;6,34;49,7;227,2;1;37,4;13;1;1273,0;0,186;-9,99;8,5
13/07/2024;18:23:30.600;0004N;120,0;78,3;9,87;6,32;49,7;227,2;1;37,4;13;1;1274,0;0,186;-9,99;9,7
13/07/2024;18:23:34.195;0004O;109,5;93,6;-37,07;1,48;31,5;290,6;1;10,5;14;1;2484,0;0,068;-9,99;11,3
13/07/2024;18:23:35.016;0004P;111,0;92,3;-30,07;0,22;34,0;290,2;1;11,2;15;1;3415,0;0,203;-9,99;16,6
13/07/2024;18:23:35.016;0004Q;111,0;92,3;-30,06;0,22;34,0;290,2;1;11,2;15;1;3411,0;0,205;-9,99;15,5
13/07/2024;18:23:36.078;0004R;112,5;91,0;-10,99;0,54;36,3;290,1;1;14,2;15;1;3099,0;0,066;-9,99;13,5
13/07/2024;18:23:36.078;0004S;112,5;91,1;-12,01;0,51;36,2;290,1;1;14,0;51;1;3123,0;0,066;-9,99;14,0
13/07/2024;18:23:41.170;0004Z;114,0;83,5;41,26;2,15;43,3;158,5;1;22,9;15;1;3255,0;0,057;-9,99;15,7
13/07/2024;18:23:48.317;00050;273,0;91,1;32,39;3,32;71,7;62,4;1;11,1;54;1;1225,0;0,134;-9,99;8,7
13/07/2024;18:24:10.304;00051;322,5;95,2;45,32;0,45;74,2;27,2;1;17,6;45;1;4737,0;0,113;-9,99;20,0
13/07/2024;18:24:19.696;00052;187,5;82,6;-3,41;2,03;64,6;0,3;1;11,5;14;1;2980,0;0,093;-9,99;14,7
13/07/2024;18:24:26.030;00053;120,0;85,1;-21,01;4,28;45,2;274,1;1;34,3;23;1;1520,0;0,211;-9,99;9,0
13/07/2024;18:24:45.651;00057;91,5;82,2;-3,53;2,24;26,2;140,0;1;23,1;25;1;1648,0;0,291;-9,99;10,3
13/07/2024;18:25:03.128;00058;102,0;86,4;6,92;0,06;32,4;79,0;1;15,5;15;1;14483,0;0,179;36,55;26,2
13/07/2024;18:25:03.126;00059;111,0;93,8;7,12;2,49;32,6;79,1;1;25,3;15;1;2125,0;0,203;-9,99;11,7
13/07/2024;18:25:03.126;0005A;99,0;83,6;7,19;2,36;32,7;79,0;1;26,1;15;1;2129,0;0,204;-9,99;10,7
13/07/2024;18:25:05.134;0005B;184,5;89,3;-24,25;1,86;61,8;119,0;1;16,1;24;1;3184,0;0,07;-9,99;15,9
13/07/2024;18:25:30.982;0005G;213,0;87,5;8,24;2,76;66,6;316,3;1;21,2;51;1;2400,0;0,073;-9,99;11,6
13/07/2024;18:25:48.973;0005H;196,5;85,5;-28,9;2,68;65,0;134,3;1;28,4;15;1;2573,0;0,067;-9,99;14,1
13/07/2024;18:25:54.442;0005J;162,0;135,5;56,64;7,52;33,6;5,3;1;29,5;25;1;2623,0;0,014;-9,99;15,0
13/07/2024;18:27:38.336;0005P;204,0;80,9;-2,34;4,8;67,5;319,1;1;27,9;54;1;1892,0;0,049;-9,99;9,3
13/07/2024;18:27:43.427;0005Q;195,0;82,3;43,45;2,79;65,8;44,1;1;27,4;51;1;1898,0;0,146;-9,99;9,3
13/07/2024;18:28:03.939;0005U;142,5;96,2;21,03;4,84;48,0;218,1;2;39,3;15;1;1627,0;0,157;-9,99;11,1
13/07/2024;18:28:03.939;0005U;142,5;86,2;21,03;4,84;53,3;101,6;2;34,1;45;1;1627,0;0,157;-9,99;11,1
13/07/2024;18:28:43.357;0005X;255,0;88,8;17,6;1,29;70,7;29,0;1;23,9;45;1;2035,0;0,121;-9,99;11,8
13/07/2024;18:28:43.357;0005Y;255,0;88,8;17,6;1,29;70,7;29,0;1;23,9;54;1;2035,0;0,121;-9,99;12,0
13/07/2024;18:29:09.968;0005Z;109,5;55,2;-2,69;6,99;60,1;230,4;1;38,7;41;1;1648,0;0,108;-9,99;8,3
13/07/2024;18:29:28.162;00062;94,5;82,7;12,05;0,02;29,1;114,3;1;15,1;15;1;16036,0;0,209;30,38;28,5
13/07/2024;18:29:28.162;00063;94,5;82,7;12,05;0,02;29,1;114,3;1;15,1;15;1;16036,0;0,209;30,38;27,3
13/07/2024;18:29:28.141;00064;100,5;87,9;12,49;0,49;29,2;114,4;1;16,9;24;1;2596,0;0,193;-9,99;12,4
13/07/2024;18:29:28.173;00065;85,5;74,8;12,16;0,65;29,1;114,4;1;15,3;42;1;2413,0;0,185;-9,99;11,7
13/07/2024;18:29:42.821;00066;153,0;76,8;-5,97;1,87;60,5;67,7;1;22,0;53;1;3383,0;0,129;-9,99;17,3
13/07/2024;18:29:49.517;00067;96,0;84,8;3,79;3,42;28,1;28,9;2;32,3;15;1;2052,0;0,151;-9,99;9,8
13/07/2024;18:29:49.517;00067;576,0;106,7;3,79;3,42;81,9;92,7;2;29,5;23;1;2052,0;0,151;-9,99;9,8
13/07/2024;18:30:07.486;00069;400,5;90,1;32,24;3,28;78,7;45,2;1;26,5;35;1;1400,0;0,037;-9,99;11,2
13/07/2024;18:32:44.531;0006C;160,5;93,9;44,55;0,08;54,8;83,1;1;16,4;25;1;14216,0;0,108;-9,99;27,1
13/07/2024;18:32:44.531;0006D;151,5;87,6;44,23;3,49;55,2;83,0;1;28,2;41;1;2122,0;0,076;-9,99;9,8
13/07/2024;18:32:44.531;0006E;166,5;96,8;44,52;2,71;55,0;83,0;1;25,6;14;1;2212,0;0,086;-9,99;10,8
13/07/2024;18:33:00.426;0006F;138,0;113,7;-13,54;9,49;34,9;178,6;1;28,9;24;1;1561,0;0,054;-9,99;6,0
13/07/2024;18:33:37.208;0006G;168,0;86,7;38,5;5,1;59,6;318,4;1;25,8;13;1;1620,0;0,11;-9,99;9,3
13/07/2024;18:33:49.621;0006H;202,5;72,3;-11,22;4,14;69,9;144,1;1;35,0;51;1;1517,0;0,268;-9,99;9,4
13/07/2024;18:34:24.448;0006I;316,5;87,0;-9,85;0,33;75,4;21,0;1;10,5;54;1;4046,0;0,166;-9,99;17,3
13/07/2024;18:34:31.458;0006J;102,0;90,0;41,85;0,09;28,2;33,4;1;10,8;51;1;15497,0;0,068;42,52;27,7
13/07/2024;18:34:31.458;0006K;93,0;81,4;42,92;4,32;29,2;34,6;1;24,1;51;1;2466,0;0,053;-9,99;11,6
13/07/2024;18:35:10.810;0006N;121,5;89,8;6,76;1,66;42,7;332,0;1;7,8;45;1;1410,0;0,082;-9,99;8,2
13/07/2024;18:35:50.885;00071;162,0;81,9;-32,25;4,16;60,3;319,4;1;24,7;45;1;1246,0;0,222;-9,99;5,6
13/07/2024;18:35:56.157;00072;133,5;93,8;17,46;5,0;45,8;100,3;1;35,7;45;1;2134,0;0,077;-9,99;10,9
13/07/2024;18:36:04.866;00073;192,0;98,8;85,97;2,73;59,8;79,8;1;16,5;25;1;1980,0;0,073;-9,99;11,0
13/07/2024;18:36:40.336;00078;181,5;91,9;22,84;1,39;60,3;85,4;1;16,5;13;1;3756,0;0,089;-9,99;17,2
13/07/2024;18:37:50.669;0007B;276,0;75,0;-10,85;1,22;75,4;296,9;1;13,2;45;1;2560,0;0,064;-9,99;16,3
13/07/2024;18:38:29.888;0007E;96,0;87,0;-2,08;0,87;25,2;90,9;1;14,2;52;1;4750,0;0,062;-9,99;18,2
13/07/2024;18:38:44.749;0007H;256,5;78,6;-34,36;4,61;73,2;134,8;1;34,0;14;1;1046,0;0,087;-9,99;6,2
13/07/2024;18:38:52.194;0007J;171,0;75,6;-11,87;2,64;64,4;69,5;1;27,8;35;1;2019,0;0,232;-9,99;11,4
13/07/2024;18:38:52.190;0007K;172,5;157,3;-11,19;5,88;24,5;255,6;1;39,0;15;1;1534,0;0,221;-9,99;9,1
13/07/2024;18:39:03.955;0007L;199,5;96,2;27,62;1,0;62,0;342,6;1;20,5;54;1;4274,0;0,066;-9,99;15,2
13/07/2024;18:39:13.731;0007O;133,5;86,3;28,02;3,11;50,2;224,5;2;34,3;15;1;3649,0;0,053;-9,99;15,9
13/07/2024;18:39:13.731;0007O;133,5;93,8;28,02;3,11;45,8;100,1;2;24,6;25;1;3649,0;0,053;-9,99;15,9
13/07/2024;18:39:21.853;0007P;108,0;94,2;29,99;0,32;29,5;62,2;1;14,3;25;1;11551,0;0,039;-9,99;25,0
13/07/2024;18:40:12.275;0007T;184,5;94,8;23,36;5,06;59,8;98,2;1;35,4;35;1;2518,0;0,024;-9,99;12,8
13/07/2024;18:40:17.518;0007U;96,0;87,7;3,05;1,55;24,2;39,5;1;16,6;15;1;3914,0;0,099;-9,99;16,1
13/07/2024;18:40:32.995;0007V;94,5;82,5;10,66;0,1;29,4;76,1;1;13,4;15;1;11789,0;0,171;-9,99;25,1
13/07/2024;18:40:33.011;0007W;103,5;90,2;10,01;4,76;29,6;75,7;1;22,1;45;1;1778,0;0,166;-9,99;9,7
13/07/2024;18:40:32.989;0007X;85,5;74,8;10,18;4,12;29,1;76,0;1;22,9;13;1;1837,0;0,181;-9,99;9,8
13/07/2024;18:40:51.315;0007Y;265,5;87,6;1,48;1,87;71,9;25,2;1;22,8;45;1;2009,0;0,085;-9,99;11,8
13/07/2024;18:41:12.306;0007Z;115,5;113,2;-21,2;4,75;11,5;106,8;1;12,3;23;1;1154,0;0,205;-9,99;6,5
13/07/2024;18:41:37.512;00080;130,5;78,0;21,0;1,87;53,8;281,4;1;17,3;14;1;2318,0;0,074;-9,99;13,8
13/07/2024;18:42:08.162;00082;99,0;87,3;-11,06;0,05;28,4;323,1;1;9,9;15;1;3196,0;0,086;-9,99;11,8
13/07/2024;18:42:13.230;00083;132,0;113,4;33,15;0,89;31,1;185,6;2;25,9;45;1;2568,0;0,183;-9,99;12,6
13/07/2024;18:42:13.230;00083;132,0;77,7;33,15;0,89;54,4;266,1;2;16,5;53;1;2568,0;0,183;-9,99;12,6
13/07/2024;18:43:02.019;0008B;117,0;84,8;6,35;1,86;43,9;107,5;1;26,4;51;1;1721,0;0,317;-9,99;5,9
13/07/2024;18:43:08.818;0008F;184,5;96,8;56,49;3,69;59,1;83,3;1;24,5;13;1;2803,0;0,05;-9,99;15,3
13/07/2024;18:43:24.126;0008I;336,0;93,4;59,85;4,92;75,3;45,6;1;28,4;31;1;1646,0;0,105;-9,99;10,9
13/07/2024;18:43:24.963;0008J;115,5;84,3;-6,5;1,42;43,5;9,2;1;10,2;15;1;3455,0;0,15;-9,99;15,6
13/07/2024;18:43:45.264;0008K;172,5;76,7;17,57;2,11;64,3;313,7;1;10,4;45;1;2726,0;0,084;-9,99;14,9
13/07/2024;18:43:54.989;0008N;115,5;79,3;-3,9;1,7;47,0;183,7;1;18,3;25;1;2187,0;0,158;-9,99;11,7
13/07/2024;18:44:37.320;0008R;129,0;87,2;9,01;1,95;47,9;290,5;1;10,6;15;1;1118,0;0,762;-9,99;4,3
13/07/2024;18:44:40.320;0008U;151,5;88,2;14,48;0,09;54,9;134,0;1;12,0;25;1;5954,0;0,307;-9,99;19,3
13/07/2024;18:44:40.312;0008V;136,5;79,4;14,53;0,1;54,9;134,0;1;13,0;25;1;5394,0;0,308;-9,99;19,4
13/07/2024;18:44:47.510;0008X;129,0;85,0;-0,23;0,59;49,2;225,8;1;19,8;25;1;4051,0;0,162;-9,99;15,3
13/07/2024;18:45:46.314;00096;138,0;86,2;2,69;2,87;51,8;38,1;1;24,2;54;1;1558,0;0,101;-9,99;5,4
13/07/2024;18:46:06.195;0009H;168,0;95,9;61,6;0,54;55,8;93,9;1;13,6;25;1;7854,0;0,045;-9,99;23,9
13/07/2024;18:46:25.506;0009K;276,0;104,9;-59,14;2,91;68,8;96,3;1;27,6;42;1;2534,0;0,111;-9,99;12,7
13/07/2024;18:46:56.117;0009L;142,5;88,8;-13,43;0,71;52,0;226,9;1;20,9;51;1;4058,0;0,108;-9,99;16,9
13/07/2024;18:47:22.886;0009O;147,0;93,7;55,22;1,65;50,9;85,1;1;17,5;14;1;4951,0;0,047;-9,99;20,2
13/07/2024;18:47:48.733;0009Q;120,0;90,9;21,88;0,33;41,1;84,1;1;12,5;25;1;6058,0;0,087;24,25;21,5
13/07/2024;18:47:57.914;0009T;105,0;94,6;20,91;1,82;25,9;75,0;1;14,0;25;1;5436,0;0,043;-9,99;19,4
13/07/2024;18:47:57.914;0009U;103,5;76,8;18,18;7,33;42,4;328,7;1;31,8;52;1;2161,0;0,026;-9,99;11,9
13/07/2024;18:47:58.992;0009V;204,0;87,9;-48,42;5,39;65,3;148,1;1;36,4;13;1;1440,0;0,147;-9,99;8,4
13/07/2024;18:48:30.891;0009W;148,5;85,2;15,64;5,0;55,5;84,3;1;31,0;53;1;1900,0;0,087;-9,99;12,4
13/07/2024;18:48:55.563;0009Y;105,0;74,7;17,7;2,82;45,0;342,2;2;33,0;25;1;2225,0;0,284;-9,99;11,0
13/07/2024;18:48:55.563;0009Y;105,0;75,0;17,7;2,82;44,7;19,0;2;30,8;15;1;2225,0;0,284;-9,99;11,0
13/07/2024;18:48:58.136;0009Z;192,0;84,6;16,02;0,31;64,6;94,0;1;13,2;24;1;4673,0;0,204;-9,99;22,4
13/07/2024;18:49:00.899;000A2;141,0;92,0;38,11;5,03;49,7;95,6;1;37,6;13;1;2683,0;0,045;-9,99;14,7
13/07/2024;18:50:40.366;000AC;133,5;86,6;6,41;1,77;50,0;1,9;1;21,1;35;1;2379,0;0,212;-9,99;13,4
13/07/2024;18:51:34.322;000AH;141,0;124,2;14,89;7,46;28,6;5,5;1;32,0;25;1;1245,0;0,215;-9,99;8,9
13/07/2024;18:53:16.013;000AN;97,5;65,8;13,0;8,07;47,9;38,6;1;38,3;24;1;1381,0;0,069;-9,99;8,2
13/07/2024;18:53:29.592;000AO;102,0;99,8;0,52;4,77;11,9;304,7;1;23,1;54;1;2317,0;0,06;-9,99;11,8
13/07/2024;18:53:29.587;000AP;93,0;91,0;0,47;5,66;12,0;304,9;1;38,0;51;1;2146,0;0,061;-9,99;10,3
13/07/2024;18:54:17.906;000AT;126,0;96,7;44,09;2,94;40,2;107,5;1;37,3;15;1;2492,0;0,052;-9,99;12,2
13/07/2024;18:55:09.179;000AW;144,0;119,9;51,98;2,9;34,0;262,5;2;27,5;42;1;1488,0;0,133;-9,99;8,1
13/07/2024;18:55:09.179;000AW;144,0;92,4;51,98;2,9;50,6;63,1;2;34,3;53;1;1488,0;0,133;-9,99;8,1
13/07/2024;18:55:10.262;000AX;153,0;137,0;2,75;4,59;26,8;261,7;1;38,4;15;1;2281,0;0,085;-9,99;12,6
13/07/2024;18:55:13.597;000AY;117,0;78,2;4,76;2,35;48,5;230,7;1;26,0;35;1;1211,0;0,372;-9,99;7,5
13/07/2024;18:55:41.470;000AZ;106,5;83,6;10,36;7,65;38,6;10,9;1;38,8;54;1;1157,0;0,257;-9,99;5,9
13/07/2024;18:56:29.088;000B4;93,0;86,1;13,59;0,13;22,3;90,4;1;15,1;25;1;12324,0;0,061;37,88;24,3
13/07/2024;18:57:10.861;000B9;97,5;86,0;25,46;0,71;28,3;30,0;1;12,7;15;1;4949,0;0,086;-9,99;18,0
13/07/2024;18:58:17.557;000BF;361,5;68,6;-19,72;2,0;80,6;151,4;1;19,3;14;1;2296,0;0,054;-9,99;13,7
13/07/2024;18:58:21.358;000BG;264,0;92,1;-0,78;2,06;70,7;16,3;1;18,4;31;1;2012,0;0,095;-9,99;9,9
13/07/2024;19:00:40.778;000BJ;352,5;102,9;54,29;0,97;74,5;330,0;1;16,8;54;1;2272,0;0,085;-9,99;11,8
13/07/2024;19:00:42.730;000BK;259,5;113,4;22,47;1,64;65,1;297,9;2;32,6;35;1;1947,0;0,14;-9,99;12,0
13/07/2024;19:00:42.730;000BK;259,5;80,9;22,47;1,64;73,0;27,5;2;23,1;45;1;1947,0;0,14;-9,99;12,0
13/07/2024;19:01:53.528;000BN;159,0;100,7;-53,7;2,13;51,3;83,1;1;11,9;14;1;4925,0;0,029;-9,99;18,0
13/07/2024;19:03:22.947;000BP;144,0;73,2;24,37;7,15;60,0;312,4;1;36,7;13;1;1046,0;0,665;-9,99;7,3
13/07/2024;19:03:38.842;000BV;120,0;85,2;6,56;3,1;45,2;167,5;1;24,7;32;1;2900,0;0,144;-9,99;13,1
13/07/2024;19:03:44.808;000BW;217,5;71,8;27,75;4,94;71,6;317,8;1;32,5;54;1;1247,0;0,051;-9,99;8,5
13/07/2024;19:04:15.762;000BY;94,5;90,1;16,72;1,66;17,8;314,7;1;19,4;13;1;3014,0;0,104;-9,99;13,7
13/07/2024;19:05:29.544;000CA;174,0;81,1;16,55;1,96;62,9;41,9;1;17,4;15;1;1975,0;0,227;-9,99;11,0
13/07/2024;19:05:36.995;000CC;31,5;26,2;-4,79;8,32;33,8;200,4;1;33,7;14;1;919,0;0,097;-9,99;6,7
13/07/2024;19:05:55.218;000CD;139,5;87,1;2,94;0,56;51,8;6,7;1;14,1;53;1;5686,0;0,045;-9,99;19,0
13/07/2024;19:06:09.659;000CG;102,0;88,4;30,91;1,85;30,1;322,1;1;17,9;45;1;2632,0;0,099;-9,99;15,0
13/07/2024;19:06:17.379;000CP;142,5;78,4;-31,13;4,56;57,1;179,3;1;37,8;35;1;1340,0;0,111;-9,99;9,0
13/07/2024;19:06:55.486;000CU;112,5;83,8;-9,81;2,39;42,2;34,0;1;14,4;25;1;2493,0;0,121;-9,99;12,7
13/07/2024;19:07:54.082;000CW;154,5;80,6;-18,67;0,05;59,1;180,2;2;18,3;25;1;12639,0;0,158;-9,99;25,0
13/07/2024;19:07:54.082;000CW;394,5;119,5;-18,67;0,05;74,0;207,8;2;26,1;24;1;12639,0;0,158;-9,99;25,0
13/07/2024;19:07:54.072;000CX;156,0;81,4;-18,51;0,66;59,2;180,3;2;20,3;25;1;3832,0;0,166;-9,99;14,5
13/07/2024;19:07:54.072;000CX;396,0;119,1;-18,51;0,66;74,2;207,8;2;25,8;51;1;3832,0;0,166;-9,99;14,5
13/07/2024;19:07:54.098;000CY;145,5;76,2;-18,62;2,64;59,0;180,5;1;20,2;35;1;1744,0;0,16;-9,99;9,4
13/07/2024;19:08:15.882;000CZ;201,0;86,4;-3,23;0,43;65,4;97,0;1;16,2;24;1;3748,0;0,126;-9,99;15,1
13/07/2024;19:08:15.882;000D0;201,0;86,4;-3,23;0,43;65,4;97,0;1;16,1;24;1;3748,0;0,126;-9,99;15,1
13/07/2024;19:08:38.598;000D2;97,5;93,0;13,6;0,31;17,6;347,0;1;11,1;25;1;9758,0;0,055;-9,99;24,5
13/07/2024;19:08:41.277;000D7;100,5;98,8;-12,1;0,93;10,8;233,7;1;18,5;15;1;4109,0;0,106;-9,99;16,5
13/07/2024;19:08:41.275;000D8;88,5;87,0;-12,5;1,15;10,7;233,9;1;16,2;15;1;3482,0;0,11;-9,99;16,7
13/07/2024;19:09:57.565;000DA;193,5;84,4;-46,77;1,35;64,9;136,2;1;24,1;15;1;2706,0;0,185;-9,99;14,0
13/07/2024;19:10:54.866;000DD;120,0;79,3;15,62;2,08;49,0;323,8;1;4,7;54;1;2136,0;0,138;-9,99;11,6
13/07/2024;19:10:58.363;000DF;127,5;90,7;9,15;0,25;45,1;91,9;1;17,5;25;1;8113,0;0,078;-9,99;21,9
13/07/2024;19:11:08.986;000DG;106,5;82,9;-3,53;1,06;39,2;359,4;1;6,2;25;1;3667,0;0,248;-9,99;15,9
13/07/2024;19:11:10.722;000DH;198,0;81,3;-27,87;3,82;66,6;134,9;1;36,3;54;1;2007,0;0,138;-9,99;11,6
13/07/2024;19:11:19.038;000DI;219,0;79,3;-5,24;4,92;69,7;131,7;1;26,6;45;1;1642,0;0,15;-9,99;9,5
13/07/2024;19:11:55.395;000DJ;261,0;88,2;-11,15;2,54;71,4;230,4;2;30,4;54;1;1438,0;0,218;-9,99;10,1
13/07/2024;19:11:55.395;000DJ;261,0;93,3;-11,15;2,54;70,2;3,6;2;34,4;35;1;1438,0;0,218;-9,99;10,1
13/07/2024;19:12:19.144;000DK;103,5;87,4;47,1;2,11;32,6;352,6;1;16,5;52;1;3222,0;0,107;-9,99;16,0
13/07/2024;19:12:27.381;000DM;120,0;104,0;44,3;9,69;30,2;175,5;2;36,1;45;1;2058,0;0,072;-9,99;10,9
13/07/2024;19:12:27.381;000DM;120,0;83,5;44,3;9,69;46,3;266,6;2;33,2;53;1;2058,0;0,072;-9,99;10,9
13/07/2024;19:12:27.381;000DN;120,0;104,0;44,3;9,69;30,2;175,5;2;36,1;45;1;2058,0;0,072;-9,99;10,9
13/07/2024;19:12:27.381;000DN;120,0;83,5;44,3;9,69;46,3;266,6;2;33,2;53;1;2058,0;0,072;-9,99;10,9
13/07/2024;19:12:40.546;000DO;100,5;86,8;10,67;5,12;30,5;326,3;1;35,1;23;1;1494,0;0,182;-9,99;8,2
13/07/2024;19:13:40.115;000DQ;114,0;89,2;31,87;0,49;38,9;346,6;1;8,7;25;1;3455,0;0,11;-9,99;15,8
13/07/2024;19:13:55.005;000DS;120,0;83,8;-2,93;1,46;46,1;129,5;1;20,7;15;1;1721,0;0,539;-9,99;8,8
13/07/2024;19:14:34.690;000DU;177,0;76,9;-16,76;1,12;65,0;183,4;1;23,5;23;1;3146,0;0,275;-9,99;14,6
13/07/2024;19:14:47.202;000DV;124,5;93,0;41,24;0,33;42,1;26,0;1;10,7;25;1;7819,0;0,054;-9,99;23,0
13/07/2024;19:15:07.374;000DW;187,5;87,5;-51,14;2,12;62,9;142,8;1;23,9;23;1;3543,0;0,054;-9,99;16,1
13/07/2024;19:15:10.085;000DY;196,5;88,2;73,3;0,2;64,1;356,1;1;9,0;54;1;7683,0;0,094;-9,99;23,0
13/07/2024;19:15:17.448;000E1;159,0;87,3;18,66;2,33;57,3;325,5;1;22,5;13;1;1973,0;0,078;-9,99;10,6
13/07/2024;19:15:17.448;000E2;159,0;87,3;18,65;2,33;57,3;325,5;1;22,5;13;1;1974,0;0,078;-9,99;9,7
13/07/2024;19:15:17.448;000E3;159,0;87,3;18,65;2,33;57,3;325,5;1;22,5;13;1;1974,0;0,078;-9,99;8,9
13/07/2024;19:17:13.126;000E7;103,5;90,4;36,11;0,23;29,4;352,5;1;11,2;52;1;9894,0;0,071;-9,99;24,5
13/07/2024;19:17:13.125;000E8;105,0;90,9;37,27;5,25;30,2;351,2;1;36,7;35;1;2393,0;0,1;-9,99;11,7
13/07/2024;19:17:32.235;000E9;129,0;90,7;49,44;1,4;45,8;14,0;1;18,5;15;1;4731,0;0,046;-9,99;18,5
13/07/2024;19:17:52.952;000EB;208,5;193,0;14,91;6,95;22,6;256,7;1;26,1;15;1;2053,0;0,065;-9,99;14,5
13/07/2024;19:17:56.739;000EC;106,5;77,7;3,46;1,9;43,5;208,6;1;20,8;42;1;2134,0;0,181;-9,99;9,3
13/07/2024;19:17:56.739;000ED;106,5;77,7;3,45;1,9;43,5;208,6;1;20,7;24;1;2137,0;0,17;-9,99;10,6
13/07/2024;19:18:36.904;000EF;141,0;91,3;43,15;3,51;50,1;56,1;1;28,0;51;1;2693,0;0,068;-9,99;13,4
13/07/2024;19:19:09.195;000EJ;94,5;91,8;10,35;3,1;13,9;92,5;1;26,2;52;1;1734,0;0,094;-9,99;9,2
13/07/2024;19:20:33.019;000EQ;262,5;81,9;-63,07;0,96;72,9;175,5;1;22,8;15;1;2320,0;0,135;-9,99;11,8
13/07/2024;19:20:59.837;000ER;192,0;85,7;21,28;0,24;64,3;312,2;1;8,1;23;1;5640,0;0,082;-9,99;20,9
13/07/2024;19:20:59.834;000ET;426,0;118,9;19,47;9,81;75,6;173,1;1;38,0;15;1;1005,0;0,083;-9,99;5,6
13/07/2024;19:20:59.822;000EU;195,0;89,6;15,68;7,73;63,4;313,0;1;36,8;31;1;1025,0;0,076;-9,99;5,9
13/07/2024;19:21:29.136;000EW;286,5;79,3;-0,92;2,96;75,2;298,1;1;22,1;45;1;1386,0;0,171;-9,99;8,9
13/07/2024;19:21:56.750;000F1;192,0;84,9;-30,94;3,11;64,5;137,7;1;28,3;23;1;1708,0;0,084;-9,99;10,7
13/07/2024;19:22:30.726;000F3;117,0;94,9;10,06;0,22;36,1;359,1;1;6,6;25;1;8214,0;0,074;38,81;21,9
13/07/2024;19:22:59.043;000F4;96,0;87,9;18,1;1,21;23,9;40,7;1;12,8;51;1;3455,0;0,14;-9,99;15,3
13/07/2024;19:23:17.552;000F6;91,5;85,3;-0,76;2,48;21,3;280,7;1;16,6;13;1;1922,0;0,149;-9,99;9,5
13/07/2024;19:24:44.885;000F8;130,5;89,8;48,09;7,6;46,9;32,4;1;28,2;23;1;1732,0;0,119;-9,99;9,1
13/07/2024;19:25:04.190;000FA;96,0;88,9;25,55;3,38;22,3;344,2;3;26,6;35;1;2249,0;0,065;-9,99;13,5
13/07/2024;19:25:04.190;000FA;96,0;72,1;25,55;3,38;41,6;304,2;3;35,2;24;1;2249,0;0,065;-9,99;13,5
13/07/2024;19:25:04.190;000FA;96,0;72,1;25,55;3,38;41,6;98,0;3;26,4;13;1;2249,0;0,065;-9,99;13,5
13/07/2024;19:25:33.930;000FB;103,5;93,0;28,54;3,63;26,2;19,4;1;31,2;14;1;2358,0;0,065;-9,99;13,7
13/07/2024;19:25:40.789;000FC;139,5;80,8;3,66;0,08;55,1;295,4;1;4,0;35;1;6247,0;0,278;-9,99;19,0
13/07/2024;19:25:40.803;000FD;141,0;80,1;4,07;2,48;55,9;295,6;1;24,1;35;1;1298,0;0,283;-9,99;7,7
13/07/2024;19:25:40.755;000FE;136,5;77,4;3,63;3,62;56,0;295,3;1;29,0;53;1;1168,0;0,297;-9,99;6,2
13/07/2024;19:25:40.744;000FF;142,5;141,8;4,35;5,21;5,8;174,3;1;37,1;51;1;983,0;0,297;-9,99;5,5
13/07/2024;19:25:48.883;000FH;280,5;72,2;0,72;4,88;76,3;291,0;1;37,1;35;1;1082,0;0,093;-9,99;6,6
13/07/2024;19:25:48.883;000FI;280,5;72,2;0,72;4,87;76,3;291,0;1;37,1;53;1;1082,0;0,093;-9,99;6,8
13/07/2024;19:25:48.883;000FJ;280,5;72,2;0,72;4,87;76,3;291,0;1;37,1;35;1;1084,0;0,093;-9,99;2,9
13/07/2024;19:26:01.275;000FN;310,5;88,6;41,27;1,36;74,7;40,3;1;22,6;53;1;2655,0;0,092;-9,99;15,2
13/07/2024;19:26:10.010;000FQ;93,0;87,4;28,18;3,42;20,2;331,9;2;32,9;15;1;1729,0;0,116;-9,99;10,6
13/07/2024;19:26:10.010;000FQ;93,0;73,4;28,18;3,42;38,2;104,4;2;34,1;13;1;1729,0;0,116;-9,99;10,6
13/07/2024;19:26:25.062;000FR;111,0;84,9;-16,63;2,77;40,4;164,9;2;25,0;13;1;1683,0;0,121;-9,99;9,5
13/07/2024;19:26:25.062;000FR;111,0;82,1;-16,63;2,77;42,6;204,1;2;31,4;23;1;1683,0;0,121;-9,99;9,5
13/07/2024;19:26:25.062;000FS;111,0;84,9;-16,62;2,77;40,4;164,9;2;25,0;31;1;1682,0;0,121;-9,99;9,1
13/07/2024;19:26:25.062;000FS;111,0;82,1;-16,62;2,77;42,6;204,1;2;31,4;23;1;1682,0;0,121;-9,99;9,1
13/07/2024;19:27:14.386;000FU;166,5;86,2;58,16;5,57;59,5;341,2;1;36,7;54;1;1787,0;0,12;-9,99;10,1
13/07/2024;19:27:29.846;000FV;100,5;89,2;48,59;2,92;27,7;8,3;1;22,3;13;1;2514,0;0,105;-9,99;12,7
13/07/2024;19:27:59.050;000FW;106,5;90,7;-15,94;2,15;31,9;165,3;2;24,8;45;1;2544,0;0,215;-9,99;13,3
13/07/2024;19:27:59.050;000FW;106,5;83,1;-15,94;2,15;39,0;265,2;2;17,4;35;1;2544,0;0,215;-9,99;13,3
13/07/2024;19:28:12.925;000G2;285,0;78,3;10,87;4,6;75,3;355,8;1;26,6;13;1;1328,0;0,022;-9,99;7,3
13/07/2024;19:28:12.925;000G3;285,0;78,3;10,91;4,61;75,3;355,8;1;26,7;13;1;1321,0;0,021;-9,99;6,4
13/07/2024;19:28:12.925;000G4;285,0;78,2;10,91;4,61;75,3;355,8;1;26,7;13;1;1325,0;0,021;-9,99;6,9
13/07/2024;19:28:18.189;000G5;339,0;137,7;32,28;6,07;67,4;94,7;1;39,0;23;1;2237,0;0,121;-9,99;11,9
13/07/2024;19:28:22.616;000G6;99,0;91,9;4,07;4,75;22,1;111,0;1;36,2;45;1;2407,0;0,08;-9,99;11,5
13/07/2024;19:28:37.870;000G7;130,5;85,2;-11,89;3,41;49,7;50,4;1;23,1;25;1;977,0;0,389;-9,99;3,9
13/07/2024;19:29:02.891;000G9;118,5;92,5;51,87;0,23;39,0;89,2;1;18,0;51;1;5849,0;0,101;-9,99;19,5
13/07/2024;19:30:42.600;000GK;132,0;84,6;-15,32;4,92;50,6;41,3;1;30,4;14;1;1342,0;0,04;-9,99;5,8
13/07/2024;19:32:34.144;000GO;186,0;161,1;30,66;8,9;30,4;11,4;1;36,0;13;1;1695,0;0,07;-9,99;10,2
13/07/2024;19:32:34.493;000GP;120,0;87,1;17,06;1,4;43,8;17,3;1;17,9;15;1;3629,0;0,088;-9,99;15,3
13/07/2024;19:32:45.595;000GQ;120,0;83,9;10,88;2,92;46,0;188,3;1;22,7;52;1;1435,0;0,163;-9,99;5,9
13/07/2024;19:32:50.800;000GR;204,0;86,0;2,78;2,42;65,9;289,1;1;18,9;13;1;2877,0;0,064;-9,99;15,4
13/07/2024;19:33:17.030;000GS;114,0;78,3;6,73;0,15;47,0;44,1;1;6,1;15;1;6886,0;0,123;-9,99;19,0
13/07/2024;19:33:17.022;000GT;115,5;79,4;6,37;1,21;46,9;43,9;1;8,7;13;1;2547,0;0,12;-9,99;11,6
13/07/2024;19:33:17.043;000GU;120,0;81,9;6,44;5,98;47,4;43,4;1;25,2;13;1;1217,0;0,106;-9,99;6,0
13/07/2024;19:33:43.941;000GW;90,0;84,0;3,33;0,42;21,2;9,5;1;9,3;25;1;6566,0;0,13;29,65;18,9
13/07/2024;19:34:02.930;000H0;162,0;86,4;-4,89;3,2;58,4;41,5;1;19,1;15;1;1757,0;0,052;-9,99;9,1
13/07/2024;19:34:02.930;000H1;162,0;86,4;-4,89;3,2;58,4;41,5;1;19,0;15;1;1759,0;0,052;-9,99;8,5
13/07/2024;19:34:02.925;000H2;168,0;90,1;-4,5;2,76;58,2;41,4;1;16,9;15;1;1730,0;0,051;-9,99;9,0
13/07/2024;19:34:02.930;000H3;162,0;86,4;-4,89;3,2;58,4;41,5;1;19,0;15;1;1758,0;0,052;-9,99;8,2
13/07/2024;19:34:02.930;000H4;156,0;83,2;-4,54;2,73;58,4;41,5;1;15,2;15;1;1678,0;0,052;-9,99;7,4
13/07/2024;19:34:02.925;000H5;168,0;90,1;-4,5;2,76;58,2;41,4;1;16,9;15;1;1732,0;0,051;-9,99;8,7
13/07/2024;19:34:54.941;000H9;150,0;86,0;12,84;2,48;55,6;357,7;2;24,0;45;1;2606,0;0,089;-9,99;13,2
13/07/2024;19:34:54.941;000H9;150,0;88,1;12,84;2,48;54,6;63,3;2;32,6;53;1;2606,0;0,089;-9,99;13,2
13/07/2024;19:35:30.997;000HB;277,5;78,4;-34,91;2,86;74,8;140,0;1;33,7;32;1;2034,0;0,102;-9,99;10,8
13/07/2024;19:35:33.890;000HC;192,0;93,8;30,49;3,05;61,5;88,6;1;23,6;32;1;1645,0;0,088;-9,99;10,5
13/07/2024;19:35:35.410;000HD;126,0;93,0;21,77;0,3;42,8;354,0;1;7,2;25;1;7781,0;0,064;-9,99;22,4
13/07/2024;19:35:37.998;000HF;159,0;96,0;63,67;0,47;53,4;91,6;1;15,0;25;1;7341,0;0,042;52,62;22,2
13/07/2024;19:35:59.394;000HH;126,0;85,0;-10,07;1,95;48,0;137,4;1;17,2;15;1;1659,0;0,129;-9,99;9,2
13/07/2024;19:36:40.712;000HK;114,0;84,6;-6,16;3,24;42,5;350,2;1;19,8;13;1;2204,0;0,174;-9,99;10,6
13/07/2024;19:36:50.098;000HL;160,5;82,0;-3,09;1,32;59,9;78,9;1;16,8;25;1;2322,0;0,117;-9,99;12,9
13/07/2024;19:36:54.469;000HM;217,5;79,5;2,55;0,57;69,5;176,4;1;23,0;25;1;2818,0;0,129;-9,99;11,4
13/07/2024;19:37:41.630;000HN;96,0;81,8;10,22;0,49;31,8;357,7;1;10,2;25;1;3520,0;0,312;-9,99;14,8
13/07/2024;19:37:41.630;000HO;96,0;81,8;10,22;0,49;31,8;357,7;1;10,2;25;1;3521,0;0,312;-9,99;14,3
13/07/2024;19:37:47.552;000HR;147,0;89,8;15,33;0,2;52,9;99,0;1;15,9;25;1;6620,0;0,166;-9,99;21,3
13/07/2024;19:37:49.328;000HT;121,5;84,9;12,23;1,56;46,0;1,7;1;15,7;35;1;2861,0;0,089;-9,99;13,4
13/07/2024;19:38:09.722;000HU;172,5;88,1;24,97;0,88;59,9;53,9;1;13,9;15;1;1694,0;0,037;-9,99;9,2
13/07/2024;19:39:15.077;000HY;105,0;89,3;-1,81;0,29;32,0;120,6;1;16,6;25;1;7997,0;0,075;44,65;21,3
13/07/2024;19:39:15.078;000HZ;114,0;72,8;0,23;14,52;50,7;38,7;1;31,6;54;1;1278,0;0,028;-9,99;6,7
13/07/2024;19:39:39.304;000I1;115,5;86,5;31,68;0,05;41,8;47,7;1;10,0;51;1;10661,0;0,1;-9,99;24,9
13/07/2024;19:39:39.323;000I2;121,5;91,2;31,97;1,83;41,7;48,1;1;20,7;54;1;1663,0;0,113;-9,99;9,4
13/07/2024;19:39:39.326;000I3;109,5;82,2;30,94;2,81;41,7;48,3;1;26,0;31;1;1556,0;0,108;-9,99;9,3
13/07/2024;19:39:45.355;000I4;217,5;73,1;-47,31;2,78;71,3;172,9;2;27,8;15;1;1451,0;0,145;-9,99;7,5
13/07/2024;19:39:45.355;000I4;457,5;85,7;-47,31;2,78;81,2;199,4;2;25,6;31;1;1451,0;0,145;-9,99;7,5
13/07/2024;19:40:08.739;000IA;151,5;107,2;-15,72;1,84;45,4;175,3;2;34,5;24;1;2107,0;0,164;-9,99;11,7
13/07/2024;19:40:08.739;000IA;151,5;74,2;-15,72;1,84;61,3;144,9;2;24,9;31;1;2107,0;0,164;-9,99;11,7
13/07/2024;19:40:26.602;000IB;145,5;86,5;50,61;2,07;54,0;297,4;1;22,0;35;1;3106,0;0,05;-9,99;14,7
13/07/2024;19:40:32.555;000IC;193,5;92,5;51,54;0,19;62,2;91,1;1;14,2;23;1;7398,0;0,09;28,79;23,9
13/07/2024;19:41:32.290;000IG;97,5;85,5;1,78;0,35;28,9;79,4;1;15,0;25;1;8572,0;0,624;-9,99;24,2
13/07/2024;19:41:32.278;000IH;91,5;81,3;10,0;2,08;27,5;80,5;1;21,4;24;1;1324,0;0,096;-9,99;6,4
13/07/2024;19:41:32.302;000IJ;106,5;93,5;2,65;1,52;28,8;79,4;1;18,6;42;1;1283,0;0,682;-9,99;7,2
13/07/2024;19:41:58.768;000IO;121,5;85,3;-7,78;1,06;45,8;178,9;1;19,1;13;1;4031,0;0,195;-9,99;16,8
13/07/2024;19:42:01.013;000IP;156,0;89,0;-3,74;0,76;55,8;246,3;1;6,3;32;1;5127,0;0,071;-9,99;19,1
13/07/2024;19:44:16.075;000IX;127,5;84,8;-8,39;2,42;48,8;189,8;1;23,3;15;1;1535,0;0,189;-9,99;9,2
13/07/2024;19:44:31.629;000IY;195,0;92,6;-10,31;0,39;62,4;310,1;1;9,1;23;1;5621,0;0,094;50,54;18,7
13/07/2024;19:44:31.739;000IZ;196,5;92,5;-8,06;4,06;62,7;310,6;1;29,3;32;1;1539,0;0,107;-9,99;7,3
13/07/2024;19:46:08.755;000JC;193,5;75,7;-35,96;2,68;67,8;267,7;1;26,5;54;1;1839,0;0,16;-9,99;10,9
13/07/2024;19:47:32.416;000JI;147,0;89,1;24,85;6,47;53,2;87,0;1;29,1;35;1;2392,0;0,064;-9,99;13,0
13/07/2024;19:48:32.989;000JJ;103,5;92,3;30,75;0,27;27,1;43,1;1;12,6;15;1;9094,0;0,049;-9,99;24,0
13/07/2024;19:48:33.315;000JL;324,0;85,2;10,88;1,79;76,2;343,6;1;19,4;45;1;1372,0;0,029;-9,99;7,6
13/07/2024;19:49:09.174;000JP;112,5;86,8;42,21;1,14;39,8;5,5;1;6,7;25;1;5230,0;0,067;-9,99;18,4
13/07/2024;19:49:16.872;000JS;136,5;90,2;30,95;9,85;49,1;36,0;1;37,0;54;1;1098,0;0,046;-9,99;4,8
13/07/2024;19:49:29.035;000JT;175,5;80,2;-12,39;3,14;63,5;136,2;1;33,8;15;1;1208,0;0,292;-9,99;5,9
13/07/2024;19:49:28.446;000JU;150,0;99,9;-14,41;0,88;48,7;222,9;2;24,5;35;1;6083,0;0,033;-9,99;19,8
13/07/2024;19:49:28.446;000JU;150,0;101,4;-14,41;0,88;48,0;99,9;2;21,0;25;1;6083,0;0,033;-9,99;19,8
13/07/2024;19:49:36.901;000JV;136,5;89,2;33,82;8,95;49,7;40,5;1;33,4;45;1;1174,0;0,002;-9,99;4,9
13/07/2024;19:50:09.458;000JW;136,5;87,0;2,6;1,17;50,9;99,0;1;16,1;35;1;3692,0;0,101;-9,99;16,3
13/07/2024;19:50:43.166;000JZ;253,5;81,8;-12,73;0,98;72,2;143,4;1;20,9;15;1;2286,0;0,257;-9,99;12,2
13/07/2024;19:51:40.475;000K1;211,5;88,1;76,24;1,49;66,2;355,7;1;17,2;45;1;2358,0;0,156;-9,99;12,9
13/07/2024;19:51:40.475;000K2;211,5;88,1;76,24;1,49;66,2;355,7;1;17,2;54;1;2357,0;0,156;-9,99;11,9
13/07/2024;19:51:44.341;000K4;261,0;92,2;-15,2;0,15;70,4;226,8;2;21,8;15;1;6387,0;0,042;-9,99;21,7
13/07/2024;19:51:44.341;000K4;261,0;116,2;-15,2;0,15;64,6;6,5;2;26,0;53;1;6387,0;0,042;-9,99;21,7
13/07/2024;19:51:55.616;000K8;333,0;83,8;68,73;2,43;76,9;16,7;1;24,4;13;1;1962,0;0,164;-9,99;13,4
13/07/2024;19:52:15.850;000K9;123,0;91,0;26,27;0,48;42,7;315,7;1;7,0;45;1;7326,0;0,07;-9,99;21,7
13/07/2024;19:52:18.654;000KA;216,0;73,5;25,1;1,66;71,0;7,2;1;8,7;45;1;2456,0;0,217;-9,99;11,7
13/07/2024;19:53:00.923;000KC;135,0;78,2;-1,07;0,94;55,1;48,9;1;12,1;15;1;2880,0;0,257;-9,99;13,5
13/07/2024;19:55:04.494;000KF;136,5;89,2;80,83;0,93;49,6;9,6;1;14,3;35;1;5371,0;0,098;-9,99;18,5
13/07/2024;19:55:10.360;000KJ;115,5;103,8;-5,27;0,41;26,2;182,4;2;26,7;42;1;6901,0;0,084;-9,99;19,7
13/07/2024;19:55:10.360;000KJ;115,5;91,0;-5,27;0,41;38,3;136,4;2;17,2;25;1;6901,0;0,084;-9,99;19,7
13/07/2024;19:55:21.142;000KL;121,5;87,9;33,64;2,59;44,0;30,3;1;21,5;25;1;2850,0;0,1;-9,99;13,5
13/07/2024;19:55:28.986;000KM;130,5;84,3;-12,93;2,22;50,2;5,7;1;31,9;35;1;3516,0;0,085;-9,99;15,0
13/07/2024;19:56:22.146;000KQ;109,5;94,7;46,53;1,97;30,4;110,6;1;20,9;24;1;4698,0;0,044;-9,99;17,4
13/07/2024;19:57:21.074;000KT;144,0;88,9;54,69;0,26;52,4;352,3;1;8,0;53;1;4674,0;0,049;-9,99;17,8
13/07/2024;19:57:21.070;000KU;142,5;89,8;55,76;1,7;51,4;352,7;2;22,3;35;1;3120,0;0,05;-9,99;14,5
13/07/2024;19:57:21.070;000KU;142,5;97,7;55,76;1,7;47,2;64,4;2;27,9;54;1;3120,0;0,05;-9,99;14,5
13/07/2024;19:57:43.853;000L0;156,0;92,3;55,6;0,07;54,3;81,9;1;17,6;25;1;6175,0;0,211;-9,99;21,6
13/07/2024;19:57:49.203;000L2;117,0;87,3;0,65;1,56;42,1;106,4;1;19,9;51;1;1909,0;0,176;-9,99;8,9
13/07/2024;19:58:41.325;000L7;189,0;82,4;-10,32;2,62;64,9;115,4;1;20,6;45;1;1764,0;0,233;-9,99;11,0
13/07/2024;19:59:05.877;000L9;190,5;84,0;-32,42;0,25;64,6;137,4;1;22,3;15;1;5089,0;0,18;-9,99;18,4
13/07/2024;19:59:05.882;000LA;192,0;84,3;-32,53;0,75;64,7;137,4;1;23,0;15;1;3213,0;0,161;-9,99;14,5
13/07/2024;19:59:47.912;000LG;165,0;81,8;27,62;6,62;60,9;41,5;1;39,3;54;1;1224,0;0,377;-9,99;6,8
13/07/2024;20:00:06.053;000LH;139,5;81,7;-8,32;0,71;54,7;89,9;1;16,2;13;1;3220,0;0,247;-9,99;16,6
13/07/2024;20:00:26.237;000LJ;150,0;98,8;-2,15;12,66;49,3;135,4;1;33,1;35;1;1139,0;0,055;-9,99;8,4
13/07/2024;20:01:03.627;000LK;130,5;113,4;-23,68;0,86;29,9;195,5;2;27,6;14;1;4560,0;0,016;-9,99;18,3
13/07/2024;20:01:03.627;000LK;130,5;106,7;-23,68;0,86;35,5;147,4;2;21,5;52;1;4560,0;0,016;-9,99;18,3
13/07/2024;20:01:04.085;000LL;132,0;103,2;39,7;0,72;38,9;134,4;1;18,2;25;1;3812,0;0,024;-9,99;15,4
13/07/2024;20:01:04.262;000LM;133,5;101,7;41,97;0,6;40,8;129,4;1;16,0;25;1;4047,0;0,103;-9,99;15,9
13/07/2024;20:02:29.016;000LP;108,0;90,8;32,82;4,52;33,0;346,7;1;30,4;13;1;1590,0;0,107;-9,99;7,6
13/07/2024;20:03:43.202;000LS;100,5;91,1;14,73;2,38;25,1;22,6;1;24,4;45;1;2426,0;0,11;-9,99;11,5
13/07/2024;20:04:26.386;000LV;207,0;77,5;18,46;2,09;68,9;332,3;1;23,7;45;1;1438,0;0,147;-9,99;7,6
13/07/2024;20:05:25.904;000LY;519,0;100,2;-73,76;4,12;81,2;4,4;1;24,8;23;1;988,0;0,555;-9,99;1,3
13/07/2024;20:05:25.904;000LZ;519,0;100,1;-73,76;4,12;81,2;4,4;1;24,8;32;1;988,0;0,56;-9,99;1,0
13/07/2024;20:05:32.554;000M6;93,0;92,4;1,08;1,97;6,6;292,5;1;18,5;15;1;1363,0;0,093;-9,99;7,0
13/07/2024;20:05:32.554;000M7;93,0;92,4;1,08;1,96;6,6;292,5;1;18,4;15;1;1360,0;0,093;-9,99;6,1
13/07/2024;20:05:32.554;000M8;93,0;92,4;1,07;1,95;6,6;292,4;1;18,4;15;1;1354,0;0,093;-9,99;6,2
13/07/2024;20:06:41.797;000ME;102,0;86,2;5,18;0,1;32,6;78,0;1;15,7;15;1;9977,0;0,188;-9,99;21,5
13/07/2024;20:06:41.803;000MF;111,0;93,5;6,47;4,4;32,9;77,4;1;26,6;45;1;1711,0;0,185;-9,99;9,7
13/07/2024;20:06:41.795;000MG;96,0;80,7;6,24;5,51;33,1;77,3;1;31,6;14;1;1553,0;0,216;-9,99;8,9
13/07/2024;20:07:11.454;000MI;96,0;88,5;15,39;0,13;23,0;60,9;1;12,0;15;1;9378,0;0,105;29,92;22,7
13/07/2024;20:07:29.675;000MJ;139,5;87,2;33,51;0,89;51,8;329,4;1;5,9;14;1;3469,0;0,149;-9,99;16,4
13/07/2024;20:07:57.642;000MK;144,0;88,4;36,37;0,13;52,6;353,2;1;8,6;35;1;7146,0;0,098;-9,99;21,9
13/07/2024;20:07:57.654;000ML;141,0;93,6;35,92;8,89;48,9;62,9;1;38,4;41;1;1199,0;0,11;-9,99;6,7
13/07/2024;20:08:37.658;000MM;132,0;88,5;19,18;7,6;48,4;37,7;1;37,3;45;1;897,0;0,026;-9,99;3,3
13/07/2024;20:10:14.888;000MS;115,5;90,8;49,2;0,82;38,5;54,2;1;15,9;25;1;4214,0;0,092;-9,99;18,2
13/07/2024;20:10:24.349;000MU;93,0;85,9;0,07;0,72;22,7;60,7;1;12,6;15;1;5209,0;0,126;-9,99;17,8
13/07/2024;20:10:46.878;000N0;204,0;87,4;18,16;4,92;65,4;41,4;1;33,1;54;1;2092,0;0,041;-9,99;11,4
13/07/2024;20:10:46.878;000N1;204,0;87,4;18,16;4,92;65,4;41,4;1;33,1;45;1;2092,0;0,041;-9,99;11,3
13/07/2024;20:10:46.878;000N2;204,0;87,4;18,16;4,92;65,4;41,4;1;33,1;45;1;2093,0;0,041;-9,99;12,4
13/07/2024;20:11:24.930;000N4;261,0;89,2;59,56;2,97;71,1;336,7;1;30,1;54;1;1768,0;0,154;-9,99;10,8
13/07/2024;20:11:50.238;000N5;109,5;86,3;7,91;0,8;38,3;0,8;1;6,5;14;1;4929,0;0,102;-9,99;16,9
13/07/2024;20:12:04.419;000N8;94,5;89,9;10,56;0,18;18,1;66,7;1;12,4;15;1;10404,0;0,108;-9,99;22,7
13/07/2024;20:12:10.635;000NB;192,0;83,7;13,09;0,99;64,9;338,5;1;22,6;45;1;3217,0;0,252;-9,99;12,4
13/07/2024;20:12:29.069;000NC;219,0;73,6;17,7;1,72;71,3;357,1;1;12,2;45;1;2803,0;0,081;-9,99;12,7
13/07/2024;20:12:33.694;000ND;102,0;96,8;9,71;0,33;18,6;350,3;1;12,4;52;1;12920,0;0,053;21,32;25,1
13/07/2024;20:12:57.688;000NG;93,0;88,5;10,7;0,37;18,0;4,4;1;11,9;25;1;10172,0;0,1;-9,99;22,3
13/07/2024;20:13:06.926;000NH;100,5;86,3;4,89;5,99;31,1;289,6;1;34,4;45;1;1489,0;0,233;-9,99;7,5
13/07/2024;20:13:09.686;000NI;114,0;100,6;30,16;0,41;28,3;195,0;2;27,5;14;1;6056,0;0,072;-9,99;19,3
13/07/2024;20:13:09.686;000NI;114,0;94,2;30,16;0,41;34,6;145,3;2;20,1;25;1;6056,0;0,072;-9,99;19,3
13/07/2024;20:14:17.862;000NM;31,5;29,3;7,64;8,58;21,5;262,3;1;35,2;35;1;1224,0;0,134;-9,99;8,1
13/07/2024;20:14:29.678;000NN;165,0;94,1;71,01;1,35;55,8;82,3;1;11,9;52;1;6023,0;0,028;-9,99;19,9
13/07/2024;20:14:48.614;000NR;97,5;89,8;0,19;1,12;23,0;15,8;1;13,1;45;1;4581,0;0,103;-9,99;17,4
13/07/2024;20:15:44.246;000NX;91,5;86,1;-5,8;2,26;20,0;15,2;1;24,0;35;1;2649,0;0,149;-9,99;12,3
13/07/2024;20:15:49.774;000NZ;96,0;89,7;8,53;4,47;21,1;351,0;1;37,4;53;1;3469,0;0,088;-9,99;13,9
13/07/2024;20:17:29.477;000O3;129,0;83,1;25,0;0,72;50,3;79,8;1;17,2;15;1;4294,0;0,173;-9,99;18,6
13/07/2024;20:17:34.766;000O4;189,0;100,6;62,81;1,62;58,6;292,8;2;30,4;45;1;2314,0;0,125;-9,99;10,1
13/07/2024;20:17:34.766;000O4;189,0;91,3;62,81;1,62;61,9;31,2;2;24,4;35;1;2314,0;0,125;-9,99;10,1
13/07/2024;20:18:27.210;000O6;307,5;93,1;92,57;1,04;73,7;25,3;1;19,4;54;1;4009,0;0,132;-9,99;17,3
13/07/2024;20:19:27.330;000O9;142,5;91,5;-7,28;3,41;50,5;134,0;1;23,2;15;1;2090,0;0,068;-9,99;10,8
13/07/2024;20:20:03.421;000OD;141,0;76,3;-16,04;2,52;57,8;117,2;1;19,2;25;1;2446,0;0,147;-9,99;13,6
13/07/2024;20:20:58.683;000OH;123,0;88,4;15,35;3,03;44,5;37,8;1;19,7;14;1;2527,0;0,115;-9,99;11,4
13/07/2024;20:21:46.504;000OJ;196,5;76,8;-6,13;2,38;67,8;86,8;1;18,5;51;1;2207,0;0,143;-9,99;13,2
13/07/2024;20:21:54.421;000OK;289,5;83,6;-25,01;1,86;74,5;241,7;1;20,9;35;1;2402,0;0,205;-9,99;13,6
13/07/2024;20:24:05.224;000OP;108,0;97,1;47,41;0,45;26,2;134,5;1;17,2;25;1;11725,0;0,033;-9,99;27,3
13/07/2024;20:24:09.475;000OR;91,5;85,7;-4,48;0,59;20,7;288,3;1;9,3;25;1;4322,0;0,236;-9,99;15,5
13/07/2024;20:24:15.318;000OU;169,5;75,8;-19,55;3,08;64,1;110,7;1;17,7;13;1;1933,0;0,101;-9,99;13,3
13/07/2024;20:24:15.318;000OV;169,5;75,8;-19,55;3,08;64,1;110,7;1;17,7;13;1;1933,0;0,101;-9,99;13,3
13/07/2024;20:24:30.683;000OW;147,0;118,5;-15,84;8,13;36,7;167,2;2;38,3;23;1;1524,0;0,071;-9,99;8,1
13/07/2024;20:24:30.683;000OW;147,0;84,1;-15,84;8,13;55,6;135,6;2;39,6;15;1;1524,0;0,071;-9,99;8,1
13/07/2024;20:24:48.206;000P0;121,5;73,4;16,77;3,72;53,3;317,5;1;22,1;31;1;1144,0;0,47;-9,99;3,9
13/07/2024;20:25:47.730;000P1;90,0;85,4;5,07;0,09;18,6;87,3;1;14,2;15;1;11068,0;0,094;-9,99;22,5
13/07/2024;20:28:11.328;000P5;136,5;91,6;70,17;1,09;48,3;36,3;1;8,5;14;1;3570,0;0,086;-9,99;13,3
13/07/2024;20:28:33.547;000P7;217,5;91,0;40,93;1,5;66,2;7,8;1;14,1;45;1;3438,0;0,099;-9,99;15,1
13/07/2024;20:29:48.504;000PA;412,5;68,6;17,21;3,17;82,2;2,4;1;25,0;24;1;1211,0;0,154;-9,99;6,7
13/07/2024;20:30:57.531;000PD;118,5;84,4;19,2;0,98;44,9;43,6;1;8,5;15;1;4815,0;0,083;-9,99;17,1
13/07/2024;20:31:24.890;000PE;93,0;86,6;-2,91;0,05;21,5;79,0;1;14,7;25;1;19246,0;0,13;33,69;25,5
13/07/2024;20:31:24.891;000PF;99,0;92,1;-3,24;1,89;21,7;78,9;1;15,3;14;1;2886,0;0,104;-9,99;12,4
13/07/2024;20:31:24.890;000PG;90,0;83,8;-2,43;1,72;21,5;78,9;1;13,3;25;1;2922,0;0,109;-9,99;12,8
13/07/2024;20:31:41.184;000PH;151,5;93,4;33,56;2,61;52,5;141,4;1;18,1;45;1;4174,0;0,04;-9,99;17,8
13/07/2024;20:31:43.357;000PI;157,5;101,6;17,86;0,07;50,4;8,8;1;9,0;15;1;15527,0;0,052;48,58;25,6
13/07/2024;20:31:43.398;000PJ;163,5;105,2;18,81;3,34;50,5;8,6;1;32,1;35;1;2294,0;0,06;-9,99;9,1
13/07/2024;20:31:43.394;000PK;154,5;99,2;17,49;2,29;50,6;8,8;1;23,2;53;1;2803,0;0,053;-9,99;11,0
13/07/2024;20:32:10.597;000PO;123,0;90,0;45,01;5,96;43,3;30,6;1;39,6;31;1;1823,0;0,113;-9,99;7,2
13/07/2024;20:33:56.258;000PR;148,5;84,6;-15,19;2,64;55,8;144,9;1;26,5;13;1;2995,0;0,152;-9,99;13,8
13/07/2024;20:34:19.944;000PT;93,0;92,5;8,51;0,22;5,7;96,3;1;13,8;15;1;15470,0;0,044;27,45;26,9
13/07/2024;20:34:19.944;000PU;814,5;88,7;13,67;8,0;87,4;119,2;1;34,4;31;1;3001,0;0,052;-9,99;11,3
13/07/2024;20:34:45.109;000PV;132,0;86,2;51,89;3,78;49,7;359,8;1;39,9;35;1;2186,0;0,189;-9,99;10,7
13/07/2024;20:36:19.163;000Q2;90,0;85,5;13,03;3,24;18,3;294,4;1;15,9;45;1;2418,0;0,152;-9,99;10,5
13/07/2024;20:36:38.579;000Q5;198,0;74,7;19,53;0,78;68,6;25,9;1;16,7;45;1;3696,0;0,122;-9,99;16,2
13/07/2024;20:37:28.616;000Q7;163,5;89,2;54,19;1,15;57,6;45,5;1;16,1;15;1;4024,0;0,107;-9,99;15,8
13/07/2024;20:37:48.747;000Q8;156,0;77,6;27,31;0,12;60,8;41,3;1;8,6;15;1;8694,0;0,2;-9,99;22,6
13/07/2024;20:37:48.752;000Q9;157,5;78,2;27,59;0,19;60,8;41,2;1;8,9;15;1;6866,0;0,202;-9,99;20,4
13/07/2024;20:37:48.747;000QA;162,0;82,6;26,48;3,2;60,0;41,9;1;19,6;13;1;1632,0;0,21;-9,99;9,1
13/07/2024;20:38:49.877;000QB;94,5;88,6;13,16;1,26;20,6;70,6;1;12,5;15;1;3292,0;0,162;-9,99;15,0
13/07/2024;20:39:49.526;000QE;126,0;89,1;12,34;5,4;45,4;322,3;1;27,1;13;1;1328,0;0,056;-9,99;8,1
13/07/2024;20:40:02.203;000QF;114,0;81,9;32,43;0,37;44,5;36,9;1;8,6;25;1;4418,0;0,281;-9,99;17,2
13/07/2024;20:40:06.546;000QI;196,5;85,8;15,93;4,25;64,9;130,1;1;27,7;14;1;1252,0;0,321;-9,99;7,4
13/07/2024;20:40:20.318;000QJ;21,0;14,1;43,59;3,57;47,8;297,1;1;32,3;52;1;1206,0;0,058;-9,99;8,0
13/07/2024;20:40:23.974;000QK;147,0;84,8;-25,44;3,79;55,3;130,2;1;33,0;13;1;1566,0;0,065;-9,99;9,1
13/07/2024;20:40:44.266;000QM;118,5;88,0;-24,7;3,08;42,4;138,2;1;21,0;53;1;2208,0;0,092;-9,99;11,8
13/07/2024;20:40:52.717;000QN;180,0;99,1;5,35;0,15;57,3;225,7;1;14,2;45;1;9666,0;0,054;30,36;22,8
13/07/2024;20:40:52.723;000QO;186,0;104,8;5,34;8,23;56,4;227,1;2;34,6;54;1;1542,0;0,055;-9,99;6,9
13/07/2024;20:40:52.723;000QO;666,0;115,3;5,34;8,23;83,0;10,4;2;30,6;31;1;1542,0;0,055;-9,99;6,9
13/07/2024;20:40:52.712;000QP;174,0;97,4;7,67;6,74;56,6;226,8;2;37,5;54;1;1436,0;0,064;-9,99;6,2
13/07/2024;20:40:52.712;000QP;414,0;75,8;7,67;6,74;81,3;10,5;2;31,1;13;1;1436,0;0,064;-9,99;6,2
13/07/2024;20:40:52.712;000QQ;174,0;97,4;7,67;6,74;56,6;226,8;2;37,5;45;1;1436,0;0,064;-9,99;8,3
13/07/2024;20:40:52.712;000QQ;414,0;75,9;7,67;6,74;81,3;10,5;2;31,2;13;1;1436,0;0,064;-9,99;8,3
13/07/2024;20:41:05.166;000QR;117,0;78,6;-36,5;0,45;48,2;185,8;1;14,4;25;1;2994,0;0,067;-9,99;15,2
13/07/2024;20:41:36.910;000QS;126,0;87,0;28,38;1,37;46,8;36,8;1;9,7;25;1;2377,0;0,132;-9,99;12,9
13/07/2024;20:41:47.888;000QT;186,0;82,0;-25,07;0,38;64,6;112,5;1;11,5;31;1;4157,0;0,192;-9,99;17,4
13/07/2024;20:41:47.888;000QU;184,5;80,1;-25,73;3,74;65,0;112,0;1;25,4;13;1;1383,0;0,198;-9,99;8,2
13/07/2024;20:42:14.059;000QX;159,0;95,7;62,44;1,18;53,6;42,5;1;10,0;15;1;4018,0;0,051;-9,99;16,6
13/07/2024;20:42:24.851;000QY;135,0;84,3;10,41;0,31;51,8;81,5;1;18,8;52;1;4408,0;0,145;-9,99;16,6
13/07/2024;20:42:24.826;000QZ;136,5;84,7;10,55;2,96;52,1;81,3;1;18,8;45;1;1449,0;0,13;-9,99;7,1
13/07/2024;20:42:24.890;000R0;126,0;102,3;18,84;9,58;36,0;2,0;1;29,1;45;1;804,0;0,001;-9,99;0,1
13/07/2024;20:42:29.320;000R1;94,5;80,1;2,96;2,18;32,3;175,2;1;19,7;25;1;1780,0;0,076;-9,99;9,9
13/07/2024;20:43:15.294;000R2;97,5;85,7;3,46;3,8;28,6;184,3;2;37,7;42;1;1757,0;0,254;-9,99;9,9
13/07/2024;20:43:15.294;000R2;97,5;75,6;3,46;3,8;39,5;139,9;2;32,2;13;1;1757,0;0,254;-9,99;9,9
13/07/2024;20:43:54.018;000R6;117,0;83,5;4,74;0,52;44,8;139,4;1;15,7;25;1;3533,0;0,122;-9,99;15,3
13/07/2024;20:44:05.787;000R8;163,5;91,2;53,72;1,84;56,7;3,5;2;25,8;45;1;2708,0;0,079;-9,99;13,5
13/07/2024;20:44:05.787;000R8;163,5;74,8;53,72;1,84;63,4;65,1;2;34,0;53;1;2708,0;0,079;-9,99;13,5
13/07/2024;20:44:15.221;000RA;120,0;84,9;6,7;1,23;45,3;83,0;1;15,9;25;1;1991,0;0,268;-9,99;11,9
13/07/2024;20:45:45.208;000RD;105,0;99,6;-1,79;3,0;18,6;189,2;2;29,5;51;1;2964,0;0,085;-9,99;12,8
13/07/2024;20:45:45.208;000RD;105,0;90,6;-1,79;3,0;30,6;129,2;2;21,6;24;1;2964,0;0,085;-9,99;12,8
13/07/2024;20:46:23.886;000RG;145,5;76,1;-21,78;4,1;59,0;130,9;1;32,2;14;1;1104,0;0,175;-9,99;5,9
13/07/2024;20:46:32.931;000RH;160,5;78,2;-38,83;0,32;61,5;250,3;1;7,2;35;1;2797,0;0,266;-9,99;15,4
13/07/2024;20:46:52.637;000RI;138,0;81,6;42,62;0,12;54,3;45,3;1;9,7;15;1;4390,0;0,277;-9,99;17,3
13/07/2024;20:46:52.653;000RJ;147,0;88,1;43,19;7,0;53,7;44,1;1;35,8;45;1;678,0;0,277;-9,99;3,3
13/07/2024;20:47:11.678;000RM;123,0;82,1;-8,96;0,27;48,5;145,0;1;12,4;25;1;4366,0;0,184;-9,99;17,4
13/07/2024;20:47:11.688;000RN;124,5;83,3;-8,63;0,81;48,4;144,9;1;10,9;25;1;2421,0;0,168;-9,99;13,1
13/07/2024;20:47:13.477;000RO;148,5;83,2;-26,63;0,17;56,5;178,8;1;16,0;15;1;4893,0;0,236;-9,99;18,3
13/07/2024;20:47:17.998;000RR;96,0;83,1;9,27;0,39;30,2;32,1;1;14,9;15;1;3195,0;0,179;20,43;14,5
13/07/2024;20:47:26.085;000RS;288,0;77,4;-11,27;2,21;75,6;153,6;1;20,4;32;1;1868,0;0,175;-9,99;10,0
13/07/2024;20:47:33.531;000RT;189,0;75,3;-28,3;5,36;67,3;201,0;1;30,3;45;1;1144,0;0,206;-9,99;6,8
13/07/2024;20:48:14.469;000RX;145,5;81,7;-25,39;0,16;56,4;142,2;1;13,1;25;1;6240,0;0,061;-9,99;20,3
13/07/2024;20:48:24.630;000S1;114,0;83,8;-1,03;0,67;43,0;133,1;1;16,7;25;1;4495,0;0,169;-9,99;17,0
13/07/2024;20:49:25.459;000S5;153,0;89,1;8,22;0,67;54,9;95,1;1;17,0;25;1;2665,0;0,16;-9,99;13,7
13/07/2024;20:50:11.453;000S9;94,5;49,6;13,72;7,93;58,7;95,9;1;24,0;15;1;1582,0;0,149;-9,99;7,7
13/07/2024;20:50:37.450;000SA;103,5;94,1;2,43;4,77;24,8;336,7;2;38,9;45;1;2173,0;0,026;-9,99;10,9
13/07/2024;20:50:37.450;000SA;103,5;83,1;2,43;4,77;36,8;97,0;2;33,1;32;1;2173,0;0,026;-9,99;10,9
13/07/2024;20:51:42.528;000SE;156,0;128,1;53,21;12,3;35,2;3,7;1;34,6;52;1;1223,0;0,021;-9,99;6,6
13/07/2024;20:54:07.520;000SH;165,0;89,0;39,53;0,85;58,0;51,2;1;12,3;15;1;3124,0;0,064;-9,99;15,3
13/07/2024;20:55:44.950;000SL;114,0;83,5;29,89;2,27;43,3;27,6;1;16,9;42;1;2212,0;0,188;-9,99;10,3
13/07/2024;20:55:45.504;000SM;130,5;86,5;17,3;3,55;49,0;269,7;1;37,1;13;1;1154,0;0,313;-9,99;5,6
13/07/2024;20:55:45.504;000SN;130,5;86,4;17,3;3,55;49,0;269,7;1;37,0;31;1;1153,0;0,313;-9,99;6,5
13/07/2024;20:56:37.200;000SP;295,5;78,5;-42,72;2,55;75,9;153,4;1;29,5;13;1;1839,0;0,099;-9,99;10,5
13/07/2024;20:57:56.896;000SU;138,0;91,2;-43,11;4,41;49,1;185,3;1;21,3;14;1;1294,0;0,044;-9,99;8,2
13/07/2024;20:57:56.896;000SV;138,0;91,2;-43,11;4,41;49,1;185,3;1;21,3;14;1;1294,0;0,044;-9,99;8,4
13/07/2024;20:57:59.192;000SW;399,0;118,4;-25,39;4,56;74,4;170,7;2;32,8;45;1;1069,0;0,022;-9,99;6,5
13/07/2024;20:57:59.192;000SW;399,0;77,0;-25,39;4,56;80,6;197,1;2;38,1;52;1;1069,0;0,022;-9,99;6,5
13/07/2024;20:57:59.192;000SX;399,0;118,4;-25,33;4,55;74,4;170,7;2;32,8;54;1;1071,0;0,022;-9,99;5,8
13/07/2024;20:57:59.192;000SX;399,0;77,1;-25,33;4,55;80,6;197,1;2;37,9;52;1;1071,0;0,022;-9,99;5,8
13/07/2024;20:57:59.382;000SY;96,0;88,0;-14,87;0,44;23,7;142,6;1;18,0;15;1;4544,0;0,139;-9,99;16,6
13/07/2024;20:58:58.205;000SZ;127,5;92,1;-40,04;0,78;44,1;214,1;1;14,2;52;1;4984,0;0,064;-9,99;18,8
13/07/2024;20:58:58.290;000T1;153,0;152,6;10,52;5,38;4,4;125,0;1;39,8;31;1;1383,0;0,11;-9,99;8,3
13/07/2024;20:59:15.541;000T3;121,5;86,4;9,1;0,41;45,0;199,1;1;18,2;15;1;2861,0;0,201;-9,99;11,6
13/07/2024;20:59:55.101;000T4;28,5;26,5;80,67;5,71;21,6;255,7;1;17,4;35;1;1726,0;0,11;-9,99;10,6
13/07/2024;21:00:16.744;000T6;142,5;98,5;30,98;7,67;46,7;138,6;1;31,1;13;1;1847,0;0,006;-9,99;7,8
13/07/2024;21:00:42.440;000TB;93,0;80,6;11,12;0,44;30,2;68,9;1;14,0;25;1;4953,0;0,233;12,33;18,6
13/07/2024;21:03:06.214;000TL;150,0;99,9;-104,45;3,79;48,7;174,9;2;36,4;13;1;2816,0;0,034;-9,99;13,1
13/07/2024;21:03:06.214;000TL;150,0;84,4;-104,45;3,79;56,3;207,1;2;32,6;35;1;2816,0;0,034;-9,99;13,1
13/07/2024;21:03:10.437;000TN;187,5;89,9;-10,23;1,2;62,1;316,6;1;8,0;13;1;5318,0;0,085;-9,99;17,4
13/07/2024;21:05:11.678;000TR;100,5;90,6;27,69;4,63;25,9;75,4;1;24,6;45;1;2727,0;0,087;-9,99;12,0
13/07/2024;21:05:58.818;000TV;346,5;135,5;15,86;2,63;68,4;259,5;1;24,5;35;1;1651,0;0,095;-9,99;4,4
13/07/2024;21:06:40.374;000TW;112,5;79,3;8,22;1,68;45,5;158,2;1;17,3;15;1;3152,0;0,176;-9,99;12,1
13/07/2024;21:07:32.462;000U2;100,5;91,5;30,01;1,35;24,6;112,9;1;13,8;14;1;5345,0;0,079;-9,99;17,3
13/07/2024;21:07:37.224;000U3;138,0;89,5;-32,35;1,92;50,0;203,2;1;24,2;31;1;2842,0;0,228;-9,99;9,6
13/07/2024;21:08:17.251;000U5;94,5;86,1;0,1;0,82;24,5;56,4;1;13,5;52;1;6276,0;0,122;-9,99;17,1
13/07/2024;21:08:46.339;000U8;148,5;77,2;6,11;2,02;59,2;157,6;1;22,6;14;1;2135,0;0,268;-9,99;10,9
13/07/2024;21:11:39.589;000UF;126,0;76,6;7,14;0,75;53,0;132,5;1;19,6;15;1;5674,0;0,081;-9,99;17,6
13/07/2024;21:11:55.763;000UI;103,5;88,8;5,44;0,17;31,1;130,2;1;16,9;25;1;9044,0;0,181;-9,99;19,2
13/07/2024;21:12:33.698;000UM;90,0;84,4;10,4;5,03;20,5;295,4;2;33,1;45;1;3293,0;0,041;-9,99;13,5
13/07/2024;21:12:33.698;000UM;90,0;88,4;10,4;5,03;11,1;42,1;2;35,6;31;1;3293,0;0,041;-9,99;13,5
13/07/2024;21:15:00.331;000UQ;174,0;84,3;18,78;3,21;61,7;24,9;1;28,4;45;1;2597,0;0,08;-9,99;10,5
13/07/2024;21:15:28.968;000UR;148,5;110,5;22,82;5,67;42,4;219,0;1;28,9;15;1;2352,0;0,126;-9,99;10,6
13/07/2024;21:16:15.170;000UT;114,0;87,2;21,97;4,79;40,4;38,3;1;26,3;53;1;2056,0;0,197;-9,99;7,8
13/07/2024;21:16:27.250;000UU;111,0;81,5;15,09;2,06;43,1;342,9;1;16,2;51;1;3496,0;0,116;-9,99;13,4
13/07/2024;21:17:11.469;000UZ;120,0;78,9;-4,21;0,4;49,3;181,3;1;16,2;25;1;8803,0;0,082;-9,99;19,5
13/07/2024;21:18:10.720;000V1;166,5;88,2;-0,43;0,5;58,6;48,5;1;10,3;15;1;5650,0;0,145;-9,99;17,0
13/07/2024;21:18:51.651;000V5;181,5;95,6;47,15;3,68;58,9;63,2;1;34,2;45;1;1130,0;0,527;-9,99;4,9
13/07/2024;21:19:21.405;000V7;292,5;96,1;-69,43;2,66;72,1;252,5;1;11,5;15;1;2522,0;0,107;-9,99;12,1
13/07/2024;21:19:26.208;000V8;117,0;81,4;-4,21;1,47;46,3;136,6;1;20,0;15;1;4328,0;0,103;-9,99;15,1
13/07/2024;21:21:24.936;000VB;163,5;88,0;-67,04;1,71;58,1;218,3;1;24,9;45;1;4012,0;0,178;-9,99;14,0
13/07/2024;21:21:41.346;000VD;105,0;82,7;27,05;0,77;38,3;2,1;1;6,2;25;1;5988,0;0,185;-9,99;17,2
13/07/2024;21:22:38.088;000VH;138,0;82,0;-37,77;1,02;54,1;178,9;1;17,1;24;1;3859,0;0,277;-9,99;13,3
13/07/2024;21:25:44.101;000VQ;139,5;108,3;16,46;7,52;39,5;218,4;1;28,0;25;1;1632,0;0,325;-9,99;8,6
13/07/2024;21:26:00.251;000VR;106,5;77,7;-4,61;0,1;43,5;179,4;1;14,6;25;1;11819,0;0,217;-9,99;21,3
13/07/2024;21:27:14.949;000VW;87,0;76,9;-23,19;1,18;28,1;203,2;1;21,8;15;1;3161,0;0,403;-9,99;12,8
13/07/2024;21:27:32.091;000VX;148,5;89,1;33,14;6,54;53,7;64,5;1;39,3;51;1;2700,0;0,072;-9,99;9,4
13/07/2024;21:28:54.275;000W1;190,5;76,0;-16,43;2,52;67,3;171,4;1;34,6;51;1;2032,0;0,067;-9,99;6,0
13/07/2024;21:29:10.538;000W3;108,0;94,6;-0,91;3,16;29,1;165,5;2;38,6;24;1;3649,0;0,148;-9,99;12,6
13/07/2024;21:29:10.538;000W3;108,0;73,0;-0,91;3,16;47,8;130,1;2;29,9;15;1;3649,0;0,148;-9,99;12,6
13/07/2024;21:29:48.245;000W5;103,5;84,5;24,07;7,32;35,6;357,7;1;30,6;45;1;1854,0;0,155;-9,99;6,6
13/07/2024;21:31:07.965;000W8;85,5;79,4;17,24;1,76;22,0;38,7;1;19,4;35;1;3896,0;0,286;-9,99;12,6
13/07/2024;21:31:19.938;000W9;90,0;81,8;-9,98;3,12;24,8;109,3;1;20,3;35;1;2686,0;0,249;-9,99;12,6
13/07/2024;21:31:26.611;000WB;124,5;82,7;13,19;0,71;48,8;84,3;1;18,9;25;1;6368,0;0,212;-9,99;18,5
13/07/2024;21:31:46.522;000WD;198,0;87,1;-10,34;1,29;64,7;121,2;1;15,1;25;1;2729,0;0,15;-9,99;11,3
13/07/2024;21:33:33.298;000WG;118,5;90,7;14,29;5,58;40,4;144,5;1;33,6;23;1;2681,0;0,09;-9,99;11,4
13/07/2024;21:35:06.827;000WI;112,5;106,3;21,49;2,54;19,3;44,1;1;30,1;32;1;4190,0;0,023;-9,99;13,6
13/07/2024;21:35:07.264;000WJ;114,0;103,8;75,33;0,28;24,7;58,7;1;16,2;52;1;7514,0;0,055;-9,99;18,6
13/07/2024;21:35:08.294;000WK;120,0;98,9;-11,3;0,73;34,8;72,9;1;19,3;15;1;2661,0;0,054;-9,99;10,2
13/07/2024;21:35:07.578;000WM;115,5;102,4;103,39;0,23;27,8;64,3;1;13,9;52;1;15236,0;0,022;-9,99;24,6
13/07/2024;21:35:07.579;000WO;124,5;110,3;95,56;3,89;27,9;65,3;1;18,2;52;1;2199,0;0,022;-9,99;10,1
13/07/2024;21:35:07.579;000WP;106,5;94,7;104,59;3,65;27,4;64,9;1;17,5;52;1;2217,0;0,022;-9,99;9,5
13/07/2024;21:35:08.291;000WS;118,5;99,7;-18,15;0,55;33,0;71,2;1;16,7;15;1;4996,0;0,042;-9,99;14,9
13/07/2024;21:36:36.203;000WY;93,0;81,7;7,21;1,37;28,7;215,0;1;17,6;15;1;2525,0;0,353;-9,99;10,8
13/07/2024;21:37:13.976;000WZ;109,5;89,1;33,68;2,66;35,8;17,1;1;16,5;24;1;2883,0;0,113;-9,99;10,7
13/07/2024;21:38:32.272;000XE;517,5;118,1;-71,55;1,76;79,1;2,5;1;14,6;13;1;1361,0;0,707;-9,99;3,4
13/07/2024;21:39:24.621;000XF;186,0;90,9;67,99;1,05;61,5;42,4;1;13,2;15;1;4942,0;0,069;-9,99;17,3
13/07/2024;21:42:43.725;000XN;93,0;87,2;34,69;3,75;20,4;77,2;1;21,9;54;1;3013,0;0,084;-9,99;13,0
13/07/2024;21:43:11.514;000XO;142,5;80,5;28,66;3,22;56,1;45,1;1;23,2;15;1;1704,0;0,228;-9,99;7,5
13/07/2024;21:43:25.666;000XP;147,0;95,0;8,94;0,07;50,2;161,0;1;15,9;15;1;12166,0;0,116;37,46;23,3
13/07/2024;21:43:25.640;000XQ;150,0;96,2;8,96;3,37;50,6;161,1;2;31,2;45;1;1959,0;0,101;-9,99;8,7
13/07/2024;21:43:25.640;000XQ;150,0;100,3;8,96;3,37;48,5;195,1;2;38,8;31;1;1959,0;0,101;-9,99;8,7
13/07/2024;21:44:07.950;000XT;105,0;77,1;-7,52;1,33;43,1;308,5;1;18,6;45;1;3145,0;0,231;-9,99;11,9
13/07/2024;21:47:09.437;000Y0;213,0;82,5;33,56;5,47;68,1;81,3;1;35,2;45;1;1583,0;0,243;-9,99;6,9
13/07/2024;21:47:13.822;000Y1;96,0;93,3;4,89;3,31;13,6;186,1;2;32,5;15;1;2775,0;0,123;-9,99;10,9
13/07/2024;21:47:13.822;000Y1;96,0;84,1;4,89;3,31;29,0;119,9;2;29,2;45;1;2775,0;0,123;-9,99;10,9
13/07/2024;21:47:41.931;000Y4;145,5;110,3;-1,88;1,31;41,2;173,3;2;30,1;41;1;5238,0;0,064;-9,99;16,3
13/07/2024;21:47:41.931;000Y4;145,5;79,5;-1,88;1,31;57,4;141,7;2;20,4;13;1;5238,0;0,064;-9,99;16,3
13/07/2024;21:48:42.837;000Y6;256,5;91,3;-27,38;3,75;70,2;350,6;1;25,4;45;1;1341,0;0,222;-9,99;5,4
13/07/2024;21:48:56.907;000Y8;145,5;87,9;76,21;3,84;53,4;77,3;1;22,6;54;1;2547,0;0,093;-9,99;11,0
13/07/2024;21:49:10.514;000YB;138,0;90,4;-5,57;2,93;49,5;143,0;1;20,8;54;1;2989,0;0,08;-9,99;11,8
13/07/2024;21:49:38.931;000YC;298,5;83,0;0,07;1,31;75,1;95,5;1;28,3;24;1;2737,0;0,12;-9,99;13,6
13/07/2024;21:49:38.931;000YD;298,5;83,0;0,07;1,31;75,1;95,5;1;28,4;42;1;2738,0;0,12;-9,99;12,5
13/07/2024;21:52:21.293;000YJ;174,0;90,5;88,48;2,24;59,3;89,6;1;29,9;23;1;3326,0;0,06;-9,99;15,3
13/07/2024;21:52:36.243;000YL;184,5;85,1;-42,73;0,3;63,3;243,6;1;12,0;35;1;6734,0;0,054;-9,99;19,4
13/07/2024;21:52:55.739;000YQ;105,0;89,8;26,25;5,08;31,4;2,8;1;27,1;35;1;2719,0;0,065;-9,99;10,1
13/07/2024;21:53:38.094;000YR;126,0;89,6;-10,21;2,0;45,1;151,0;1;14,5;25;1;4617,0;0,083;-9,99;14,7
13/07/2024;21:54:41.123;000YT;147,0;88,6;10,78;0,11;53,4;139,9;1;12,3;15;1;10431,0;0,227;-9,99;22,2
13/07/2024;21:54:41.120;000YU;148,5;89,4;10,49;0,19;53,5;139,9;1;10,8;25;1;7669,0;0,227;-9,99;19,2
13/07/2024;21:54:41.131;000YV;153,0;94,0;11,13;3,25;52,6;139,5;1;16,9;54;1;2148,0;0,197;-9,99;8,5
13/07/2024;21:54:41.147;000YW;141,0;87,8;11,47;5,32;52,0;139,2;1;27,3;45;1;1476,0;0,164;-9,99;6,1
13/07/2024;21:54:45.424;000YY;159,0;96,2;9,06;0,72;53,3;86,1;1;14,1;52;1;4294,0;0,213;-9,99;14,9
13/07/2024;21:54:45.424;000YZ;159,0;96,2;9,06;0,72;53,3;86,1;1;14,1;25;1;4297,0;0,213;-9,99;15,4
13/07/2024;21:54:56.622;000Z1;175,5;80,0;-10,9;6,1;63,6;264,2;1;34,3;45;1;1394,0;0,08;-9,99;6,9
13/07/2024;21:55:59.906;000Z3;576,0;90,3;0,76;13,07;83,5;198,7;1;35,1;35;1;1305,0;0,029;-9,99;5,9
13/07/2024;21:57:03.504;000Z4;117,0;84,5;-54,46;1,09;44,1;153,1;1;12,1;45;1;4427,0;0,1;-9,99;15,0
13/07/2024;21:57:21.675;000Z6;160,5;116,4;41,53;3,45;44,0;219,1;2;22,9;15;1;4393,0;0,059;-9,99;14,9
13/07/2024;21:57:21.675;000Z6;160,5;94,5;41,53;3,45;54,5;98,2;2;31,1;35;1;4393,0;0,059;-9,99;14,9
13/07/2024;21:57:26.581;000Z8;187,5;85,2;-57,13;1,55;63,7;160,5;1;20,9;13;1;3794,0;0,236;-9,99;12,9
13/07/2024;21:58:29.109;000ZE;106,5;103,3;1,79;5,39;14,2;113,3;1;20,7;41;1;2043,0;0,054;-9,99;8,4
13/07/2024;21:58:51.811;000ZG;187,5;90,2;62,81;5,27;62,0;40,9;1;32,4;54;1;2992,0;0,1;-9,99;11,6
13/07/2024;22:00:00.235;000ZJ;136,5;95,3;37,16;2,47;46,2;227,3;2;26,2;31;1;5015,0;0,047;-9,99;16,3
13/07/2024;22:00:00.235;000ZJ;136,5;96,0;37,16;2,47;45,7;95,3;2;22,6;35;1;5015,0;0,047;-9,99;16,3
13/07/2024;22:00:12.222;000ZK;121,5;90,7;-38,54;3,23;42,0;206,6;1;27,0;24;1;2732,0;0,089;-9,99;10,3
13/07/2024;22:01:18.773;000ZO;120,0;97,2;-47,04;0,74;36,3;119,2;1;19,3;25;1;6755,0;0,047;-9,99;18,9
13/07/2024;22:01:30.966;000ZT;162,0;85,8;-32,85;0,44;58,6;137,6;1;16,6;15;1;8228,0;0,081;-9,99;20,0
13/07/2024;22:01:35.885;000ZW;117,0;91,1;40,23;2,27;39,2;25,8;1;18,2;42;1;4605,0;0,089;-9,99;15,1
13/07/2024;22:03:43.411;00104;133,5;78,2;8,16;1,16;54,6;106,2;1;19,9;23;1;3031,0;0,066;-9,99;11,6
13/07/2024;22:03:43.411;00105;133,5;78,2;8,18;1,16;54,6;106,2;1;19,9;23;1;3023,0;0,066;-9,99;11,8
13/07/2024;22:03:56.709;00106;133,5;87,8;-29,05;1,34;49,3;135,7;1;20,0;15;1;4498,0;0,088;-9,99;14,5
13/07/2024;22:04:21.115;00107;123,0;90,7;30,72;4,82;42,8;18,2;1;38,5;51;1;3021,0;0,113;-9,99;12,4
13/07/2024;22:05:02.099;0010C;112,5;75,5;15,41;1,32;48,2;230,8;3;27,5;45;1;3374,0;0,158;-9,99;13,4
13/07/2024;22:05:02.099;0010C;112,5;109,7;15,41;1,32;13,0;100,5;3;37,3;24;1;3374,0;0,158;-9,99;13,4
13/07/2024;22:05:02.099;0010C;112,5;84,1;15,41;1,32;41,9;94,2;3;20,2;51;1;3374,0;0,158;-9,99;13,4
13/07/2024;22:05:35.195;0010E;117,0;84,2;-65,4;1,63;44,3;142,0;1;15,8;25;1;4020,0;0,06;-9,99;13,8
13/07/2024;22:07:29.306;0010J;183,0;89,2;56,87;3,16;61,5;18,9;1;37,6;54;1;3309,0;0,066;-9,99;12,3
13/07/2024;22:07:54.270;0010K;96,0;89,4;25,34;1,81;21,5;82,6;1;10,0;23;1;3005,0;0,111;-9,99;12,8
13/07/2024;22:08:18.277;0010M;100,5;74,9;17,49;0,75;42,1;5,5;1;6,0;25;1;5809,0;0,128;-9,99;17,3
13/07/2024;22:08:48.373;0010O;199,5;83,2;-45,03;3,89;66,2;143,0;1;31,8;51;1;2550,0;0,12;-9,99;11,0
13/07/2024;22:09:26.374;0010T;123,0;86,0;-41,9;1,18;46,0;122,7;1;22,2;15;1;4934,0;0,114;-9,99;15,1
13/07/2024;22:09:58.270;0010X;94,5;85,1;27,37;1,75;26,0;337,2;3;33,6;24;1;4915,0;0,089;-9,99;15,0
13/07/2024;22:09:58.270;0010X;334,5;91,6;27,37;1,75;75,6;268,4;3;29,6;53;1;4915,0;0,089;-9,99;15,0
13/07/2024;22:09:58.270;0010X;94,5;82,9;27,37;1,75;28,9;34,8;3;22,1;45;1;4915,0;0,089;-9,99;15,0
13/07/2024;22:09:59.406;0010Y;120,0;74,3;-24,89;1,54;52,2;225,1;1;23,4;15;1;3851,0;0,122;-9,99;14,5
13/07/2024;22:10:25.245;00111;112,5;107,3;38,87;0,39;17,7;172,6;3;25,8;14;1;6737,0;0,091;-9,99;17,8
13/07/2024;22:10:25.245;00111;112,5;76,4;38,87;0,39;47,6;282,3;3;38,8;45;1;6737,0;0,091;-9,99;17,8
13/07/2024;22:10:25.245;00111;112,5;92,4;38,87;0,39;35,1;122,5;3;16,2;13;1;6737,0;0,091;-9,99;17,8
13/07/2024;22:11:16.790;00116;141,0;87,7;-20,4;3,65;52,0;133,1;1;30,5;15;1;2276,0;0,067;-9,99;8,7
13/07/2024;22:11:19.277;00117;141,0;92,0;62,73;5,87;49,7;85,0;1;28,5;35;1;3013,0;0,069;-9,99;13,4
13/07/2024;22:11:28.605;00118;130,5;85,6;39,99;0,97;49,5;83,4;1;19,0;25;1;3071,0;0,117;-9,99;12,1
13/07/2024;22:12:11.446;0011B;204,0;188,6;14,76;8,77;22,8;254,3;1;33,5;31;1;1794,0;0,062;-9,99;7,6
13/07/2024;22:13:29.027;0011D;114,0;73,2;38,37;1,6;50,4;232,5;3;27,8;45;1;4146,0;0,077;-9,99;14,7
13/07/2024;22:13:29.027;0011D;114,0;112,0;38,37;1,6;11,0;101,5;3;39,9;24;1;4146,0;0,077;-9,99;14,7
13/07/2024;22:13:29.027;0011D;114,0;88,6;38,37;1,6;39,3;94,1;3;25,6;15;1;4146,0;0,077;-9,99;14,7
13/07/2024;22:13:31.725;0011F;192,0;77,1;-10,23;4,34;67,1;311,5;1;33,9;45;1;1600,0;0,319;-9,99;6,2
13/07/2024;22:14:37.992;0011H;121,5;94,1;19,25;4,27;39,6;208,9;1;29,7;42;1;2467,0;0,03;-9,99;10,6
13/07/2024;22:15:01.658;0011J;99,0;88,6;-10,88;1,34;26,8;288,7;1;12,6;25;1;5179,0;0,126;-9,99;18,2
13/07/2024;22:16:35.710;0011M;259,5;86,0;10,4;1,26;71,7;8,0;1;8,8;45;1;2252,0;0,513;-9,99;8,5
13/07/2024;22:16:39.256;0011P;166,5;92,0;22,09;4,38;57,1;174,3;1;37,4;53;1;1776,0;0,175;-9,99;4,9
13/07/2024;22:16:41.304;0011R;171,0;88,7;-11,73;1,16;59,4;174,5;1;18,3;15;1;1319,0;0,084;-9,99;4,5
13/07/2024;22:16:43.605;0011U;169,5;88,4;9,07;2,37;59,2;174,4;1;21,1;53;1;1553,0;0,167;-9,99;4,0
13/07/2024;22:16:43.605;0011V;169,5;88,4;9,07;2,38;59,2;174,4;1;21,1;35;1;1579,0;0,168;-9,99;5,7
13/07/2024;22:16:56.058;0011Y;96,0;91,7;24,5;2,63;17,4;79,7;1;18,0;51;1;3642,0;0,068;-9,99;13,9
13/07/2024;22:17:26.973;00122;220,5;85,4;-24,37;3,8;68,1;129,4;1;25,2;24;1;2057,0;0,116;-9,99;9,1
13/07/2024;22:17:34.326;00124;120,0;77,2;0,89;0,55;50,4;226,0;1;21,8;25;1;9059,0;0,037;-9,99;21,0
13/07/2024;22:17:48.146;00127;195,0;91,0;-54,0;3,32;62,9;251,8;1;17,4;53;1;3015,0;0,077;-9,99;12,2
13/07/2024;22:18:50.042;00128;183,0;86,3;-59,84;3,71;62,6;153,4;1;34,5;45;1;3142,0;0,118;-9,99;12,9
13/07/2024;22:21:00.667;0012E;204,0;73,3;-4,21;5,56;69,8;294,2;1;38,7;51;1;2831,0;0,076;-9,99;11,5
13/07/2024;22:21:17.813;0012F;115,5;99,7;-6,45;6,04;30,6;177,9;1;21,3;52;1;2274,0;0,16;-9,99;9,9
13/07/2024;22:22:54.984;0012S;145,5;86,8;8,8;0,24;53,9;319,7;1;4,7;15;1;9243,0;0,136;-9,99;22,2
13/07/2024;22:23:48.296;0012V;99,0;87,5;-17,16;0,56;28,1;165,5;1;16,4;15;1;6237,0;0,183;-9,99;17,5
13/07/2024;22:23:50.659;0012W;202,5;85,3;-8,81;2,32;65,9;333,1;1;23,0;35;1;2920,0;0,15;-9,99;12,2
13/07/2024;22:24:24.317;0012X;159,0;95,8;75,29;12,6;53,5;41,1;1;38,0;54;1;1350,0;0,078;-9,99;3,6
13/07/2024;22:24:46.155;0012Z;141,0;89,4;-15,61;0,17;51,1;186,1;1;16,0;52;1;12114,0;0,069;-9,99;23,4
13/07/2024;22:25:04.664;00134;208,5;86,1;-2,22;6,59;66,5;85,0;1;36,9;53;1;2084,0;0,166;-9,99;9,2
13/07/2024;22:25:09.197;00135;174,0;81,4;-9,51;3,91;62,8;98,2;1;27,7;24;1;2068,0;0,198;-9,99;9,0
13/07/2024;22:25:10.155;00136;163,5;88,2;-2,58;0,8;58,0;87,3;1;14,0;13;1;3292,0;0,246;-9,99;12,1
13/07/2024;22:25:10.181;00137;145,5;78,1;-2,36;0,93;58,1;87,3;1;13,5;31;1;3089,0;0,253;-9,99;11,7
13/07/2024;22:25:10.160;00138;148,5;79,9;-2,52;0,96;58,0;87,3;1;14,3;31;1;3007,0;0,249;-9,99;11,5
13/07/2024;22:25:32.035;0013A;91,5;84,6;-18,47;2,43;22,5;204,1;1;25,8;24;1;2369,0;0,247;-9,99;10,0
13/07/2024;22:25:56.896;0013C;279,0;82,8;37,54;1,22;73,9;137,2;1;26,1;23;1;4244,0;0,043;-9,99;15,8
13/07/2024;22:26:06.728;0013D;102,0;93,5;26,7;2,07;23,8;213,2;1;26,9;51;1;2678,0;0,085;-9,99;11,0
13/07/2024;22:26:45.770;0013G;96,0;94,3;-2,95;3,53;10,9;58,7;1;23,9;15;1;4398,0;0,061;-9,99;14,3
13/07/2024;22:27:16.392;0013H;136,5;87,3;-21,65;2,44;50,7;141,5;1;13,0;45;1;3699,0;0,076;-9,99;13,9
13/07/2024;22:27:38.483;0013I;184,5;91,3;0,5;2,37;61,1;133,1;1;20,5;51;1;4011,0;0,041;-9,99;15,6
13/07/2024;22:27:41.520;0013K;93,0;90,9;13,35;0,8;12,3;123,7;1;18,9;15;1;7995,0;0,087;-9,99;19,7
13/07/2024;22:28:19.251;0013Q;184,5;98,1;-1,01;0,23;58,6;11,2;1;10,7;45;1;7065,0;0,095;-9,99;18,9
13/07/2024;22:28:51.632;0013U;100,5;88,2;-16,38;1,44;28,8;204,9;2;29,7;14;1;5052,0;0,099;-9,99;16,4
13/07/2024;22:28:51.632;0013U;100,5;86,8;-16,38;1,44;30,4;151,5;2;22,2;15;1;5052,0;0,099;-9,99;16,4
13/07/2024;22:29:07.235;0013W;151,5;77,2;16,68;1,23;60,0;70,5;1;17,1;35;1;4080,0;0,086;-9,99;15,1
13/07/2024;22:29:24.112;0013Y;106,5;78,2;-23,19;0,29;43,1;173,8;1;16,7;15;1;9744,0;0,108;-9,99;21,3
13/07/2024;22:30:29.858;00141;111,0;81,1;-2,77;0,28;43,4;274,7;1;9,4;15;1;8310,0;0,166;-9,99;19,1
13/07/2024;22:31:55.368;00145;136,5;81,8;-39,46;3,12;53,7;227,8;1;32,1;51;1;2369,0;0,162;-9,99;9,8
13/07/2024;22:32:14.853;00148;105,0;99,8;58,44;3,46;18,2;189,0;2;33,2;15;1;4313,0;0,069;-9,99;15,6
13/07/2024;22:32:14.853;00148;105,0;90,7;58,44;3,46;30,5;128,5;2;23,3;14;1;4313,0;0,069;-9,99;15,6
13/07/2024;22:32:23.744;00149;297,0;76,8;11,45;0,85;76,3;275,8;1;7,3;13;1;3444,0;0,372;-9,99;15,1
13/07/2024;22:32:43.603;0014D;96,0;80,2;-2,45;0,08;33,6;101,4;1;15,3;15;1;11627,0;0,288;-9,99;17,4
13/07/2024;22:32:43.602;0014E;105,0;87,8;-2,34;3,27;33,6;101,1;1;26,2;53;1;1944,0;0,286;-9,99;7,4
13/07/2024;22:32:43.614;0014F;99,0;82,9;-2,99;2,9;33,4;101,1;1;24,7;53;1;1787,0;0,302;-9,99;6,1
13/07/2024;22:32:59.971;0014J;166,5;91,3;43,71;0,68;57,4;82,3;1;15,0;25;1;7340,0;0,105;-9,99;20,0
13/07/2024;22:32:59.966;0014K;175,5;143,6;51,39;13,48;35,5;6,1;1;34,6;45;1;1306,0;0,001;-9,99;5,9
13/07/2024;22:33:19.466;0014O;253,5;89,3;49,72;0,45;70,4;108,5;1;10,2;31;1;4070,0;0,356;-9,99;16,3
13/07/2024;22:33:25.768;0014P;117,0;111,6;-7,85;3,0;17,7;128,5;2;39,7;42;1;2786,0;0,162;-9,99;12,3
13/07/2024;22:33:25.768;0014P;117,0;82,8;-7,85;3,0;45,3;106,1;2;31,1;54;1;2786,0;0,162;-9,99;12,3
13/07/2024;22:35:12.878;0014Q;109,5;83,7;-29,6;0,04;40,4;184,6;1;15,4;25;1;15708,0;0,234;-9,99;25,5
13/07/2024;22:35:12.890;0014R;108,0;82,7;-29,61;0,44;40,4;184,5;1;15,3;25;1;4501,0;0,235;-9,99;13,8
13/07/2024;22:35:12.883;0014S;112,5;85,7;-29,48;2,31;40,7;184,6;1;20,0;54;1;2275,0;0,239;-9,99;8,1
13/07/2024;22:35:55.131;0014T;126,0;82,2;-26,74;5,28;49,7;136,2;1;28,2;51;1;1148,0;0,055;-9,99;3,0
13/07/2024;22:36:14.349;0014U;145,5;98,2;12,79;10,63;48,1;139,8;1;25,7;13;1;3054,0;0,024;-9,99;11,7
13/07/2024;22:36:17.214;0014V;106,5;71,8;-23,32;2,34;48,0;188,2;1;22,0;52;1;3496,0;0,056;-9,99;12,9
13/07/2024;22:36:24.723;0014X;120,0;92,8;8,64;0,98;39,7;98,9;1;17,6;15;1;8068,0;0,024;-9,99;20,3
13/07/2024;22:36:48.757;00152;181,5;155,0;117,1;9,18;31,8;177,4;1;31,5;14;1;1661,0;0,022;-9,99;7,6
13/07/2024;22:36:48.757;00153;181,5;155,0;117,1;9,18;31,8;177,4;1;31,5;41;1;1661,0;0,022;-9,99;7,3
13/07/2024;22:36:49.258;00154;187,5;160,1;13,05;11,35;31,8;175,2;1;31,7;41;1;1523,0;0,021;-9,99;6,5
13/07/2024;22:36:58.578;00155;93,0;86,6;-15,36;1,37;21,6;181,8;1;14,8;41;1;3285,0;0,207;-9,99;12,4
13/07/2024;22:38:48.347;0015B;97,5;82,0;-3,3;0,31;32,9;211,6;1;14,7;15;1;8198,0;0,327;-9,99;19,5
13/07/2024;22:39:40.549;0015C;123,0;85,1;-11,16;3,6;46,6;222,2;1;23,0;25;1;2390,0;0,318;-9,99;9,1
13/07/2024;22:40:30.763;0015G;91,5;90,0;6,16;2,98;10,3;88,7;1;33,3;15;1;4425,0;0,065;-9,99;14,1
13/07/2024;22:42:35.779;0015J;100,5;93,4;11,87;5,94;21,8;151,4;1;38,2;54;1;3706,0;0,051;-9,99;13,8
13/07/2024;22:45:09.384;0015S;117,0;94,3;-23,05;0,13;36,6;95,9;1;18,2;15;1;11838,0;0,047;-9,99;23,1
13/07/2024;22:45:10.437;0015T;118,5;88,4;23,87;0,24;42,1;91,1;1;15,6;25;1;3441,0;0,124;-9,99;13,4
13/07/2024;22:45:09.418;0015U;123,0;72,7;-22,6;4,04;54,2;232,5;1;30,1;32;1;2092,0;0,035;-9,99;6,8
13/07/2024;22:45:09.379;0015V;120,0;70,8;-24,12;6,72;54,3;232,5;1;35,7;23;1;1642,0;0,034;-9,99;6,9
13/07/2024;22:45:31.848;0015Z;144,0;90,6;20,6;0,49;51,5;35,4;1;7,1;25;1;8096,0;0,103;-9,99;19,6
13/07/2024;22:47:27.595;00161;291,0;98,7;16,44;0,6;71,4;245,5;1;12,0;52;1;5339,0;0,074;-9,99;17,3
13/07/2024;22:47:36.429;00165;97,5;91,3;18,75;1,69;20,7;45,3;1;18,9;31;1;4575,0;0,083;-9,99;14,9
13/07/2024;22:47:44.150;00166;105,0;98,3;-10,56;0,27;20,8;49,5;1;13,6;15;1;14356,0;0,037;-9,99;23,5
13/07/2024;22:47:59.058;0016A;348,0;97,9;67,01;4,74;75,2;87,1;1;31,3;24;1;1833,0;0,263;-9,99;8,7
13/07/2024;22:49:57.376;0016D;180,0;93,6;40,65;0,11;59,4;87,4;1;11,7;25;1;12881,0;0,064;-9,99;23,8
13/07/2024;22:49:57.376;0016E;174,0;90,6;42,19;6,41;59,3;86,9;1;38,0;13;1;1925,0;0,063;-9,99;7,1
13/07/2024;22:49:57.378;0016F;183,0;157,0;41,7;8,63;31,3;10,5;1;34,8;15;1;2088,0;0,053;-9,99;7,6
13/07/2024;22:50:00.486;0016H;108,0;89,2;32,19;0,2;34,5;127,7;1;15,3;15;1;8323,0;0,179;22,65;20,2
13/07/2024;22:50:00.520;0016I;109,5;103,2;32,15;1,55;19,7;179,4;3;27,4;32;1;3006,0;0,176;-9,99;11,2
13/07/2024;22:50:00.520;0016I;109,5;70,8;32,15;1,55;50,1;279,1;3;39,1;35;1;3006,0;0,176;-9,99;11,2
13/07/2024;22:50:00.520;0016I;109,5;90,6;32,15;1,55;34,5;127,5;3;20,6;41;1;3006,0;0,176;-9,99;11,2
13/07/2024;22:50:00.459;0016K;114,0;74,2;32,32;8,52;49,8;279,7;1;37,2;42;1;1606,0;0,189;-9,99;4,6
13/07/2024;22:51:21.530;0016P;96,0;88,8;19,03;0,48;22,4;79,4;1;14,8;25;1;9140,0;0,139;35,16;20,2
13/07/2024;22:52:27.693;0016V;148,5;80,4;47,71;0,53;57,8;34,6;1;9,4;35;1;4964,0;0,118;-9,99;16,0
13/07/2024;22:52:39.861;0016W;129,0;86,5;-47,81;0,02;48,3;185,1;1;14,6;25;1;25032,0;0,471;-9,99;29,4
13/07/2024;22:52:39.877;0016X;138,0;92,6;-47,66;0,35;48,3;185,1;1;15,7;25;1;3662,0;0,469;-9,99;12,7
13/07/2024;22:52:39.856;0016Y;123,0;82,4;-47,91;0,3;48,4;185,1;1;15,6;52;1;3853,0;0,459;-9,99;13,1
13/07/2024;22:53:20.517;00170;211,5;87,1;27,59;3,08;66,5;83,9;1;19,8;31;1;2373,0;0,115;-9,99;11,2
13/07/2024;22:53:44.152;00172;151,5;88,0;13,9;11,5;55,0;40,5;1;39,2;54;1;1374,0;0,155;-9,99;4,3
13/07/2024;22:54:04.363;00173;168,0;87,6;1,93;3,9;59,2;120,0;1;32,1;35;1;2605,0;0,105;-9,99;10,6
13/07/2024;22:54:09.587;00174;177,0;86,8;7,67;0,46;61,3;83,8;1;15,6;25;1;6828,0;0,139;-9,99;18,3
13/07/2024;22:54:09.558;00175;183,0;150,8;12,29;11,57;35,0;8,9;1;33,4;14;1;1420,0;0,002;-9,99;3,9
13/07/2024;22:54:09.517;00176;171,0;140,5;9,2;12,09;35,2;8,6;1;28,2;25;1;1360,0;0,029;-9,99;5,4
13/07/2024;22:55:13.141;00179;124,5;95,9;-46,79;0,82;40,0;104,9;1;16,5;51;1;7574,0;0,039;-9,99;19,2
13/07/2024;22:55:21.827;0017A;205,5;94,7;29,75;1,7;63,4;231,8;2;24,3;45;1;3842,0;0,098;-9,99;14,9
13/07/2024;22:55:21.827;0017A;685,5;108,4;29,75;1,7;83,9;5,0;2;17,6;35;1;3842,0;0,098;-9,99;14,9
13/07/2024;22:56:33.963;0017C;90,0;82,2;-31,0;0,79;24,2;179,1;1;13,8;13;1;5394,0;0,284;-9,99;17,4
13/07/2024;22:56:47.496;0017D;172,5;91,9;54,74;1,17;58,4;90,4;1;18,8;23;1;4159,0;0,053;-9,99;15,8
13/07/2024;22:56:47.490;0017E;174,0;92,6;54,42;1,76;58,5;90,6;1;25,2;32;1;3693,0;0,054;-9,99;14,3
13/07/2024;22:56:53.342;0017F;91,5;84,7;-16,55;2,48;22,4;221,1;2;37,0;24;1;3955,0;0,164;-9,99;14,6
13/07/2024;22:56:53.342;0017F;91,5;85,7;-16,55;2,48;20,7;146,5;2;27,6;15;1;3955,0;0,164;-9,99;14,6
13/07/2024;22:58:35.422;0017I;100,5;55,5;-36,56;8,02;56,9;230,2;1;23,9;53;1;1916,0;0,204;-9,99;7,8
13/07/2024;22:59:31.379;0017K;151,5;90,3;40,88;1,82;54,0;41,7;1;12,0;13;1;3909,0;0,102;-9,99;14,6
13/07/2024;22:59:49.222;0017M;30,0;28,0;30,68;6,11;21,3;258,0;1;26,3;35;1;1355,0;0,177;-9,99;6,0
13/07/2024;23:00:08.181;0017N;126,0;110,6;2,62;0,79;28,9;180,7;3;24,9;45;1;4028,0;0,086;-9,99;13,2
13/07/2024;23:00:08.181;0017N;126,0;81,6;2,62;0,79;50,1;268,1;3;15,5;35;1;4028,0;0,086;-9,99;13,2
13/07/2024;23:00:08.181;0017N;126,0;77,3;2,62;0,79;52,6;93,8;3;38,7;24;1;4028,0;0,086;-9,99;13,2
13/07/2024;23:01:16.691;0017S;288,0;92,2;12,65;4,94;72,6;238,7;1;37,7;23;1;2103,0;0,099;-9,99;9,1
13/07/2024;23:02:10.266;0017U;109,5;80,6;-33,01;0,31;42,9;189,2;1;17,0;52;1;6460,0;0,22;-9,99;17,4
13/07/2024;23:03:48.888;0017Y;145,5;86,2;-21,33;0,89;54,2;221,5;1;20,2;25;1;6356,0;0,099;-9,99;18,6
13/07/2024;23:05:45.416;00181;93,0;81,2;-33,19;1,23;29,4;165,8;1;18,9;15;1;2594,0;0,463;-9,99;11,0
13/07/2024;23:06:21.390;00184;675,0;75,1;-34,35;2,93;86,6;177,0;3;30,0;24;1;2405,0;0,101;-9,99;9,8
13/07/2024;23:06:21.390;00184;915,0;118,5;-34,35;2,93;86,6;177,0;3;30,0;24;1;2405,0;0,101;-9,99;9,8
13/07/2024;23:06:21.390;00184;195,0;91,4;-34,35;2,93;62,8;232,7;3;32,3;25;1;2405,0;0,101;-9,99;9,8
13/07/2024;23:06:58.344;00186;136,5;80,9;-41,45;0,11;54,2;131,5;1;13,0;15;1;11042,0;0,163;28,53;22,4
13/07/2024;23:06:58.342;00187;145,5;86,8;-40,02;5,1;53,9;131,8;1;39,5;51;1;1761,0;0,162;-9,99;7,6
13/07/2024;23:08:26.160;0018D;88,5;82,7;23,53;0,75;20,9;55,3;1;14,3;15;1;4024,0;0,207;-9,99;13,7
13/07/2024;23:09:47.646;0018I;87,0;81,3;-7,77;0,37;21,0;130,4;1;17,5;25;1;8174,0;0,247;-9,99;19,9
13/07/2024;23:10:35.080;0018L;96,0;82,3;26,05;2,16;31,2;64,8;1;27,6;32;1;2623,0;0,254;-9,99;9,9
13/07/2024;23:11:08.046;0018M;157,5;50,9;-4,66;5,38;71,8;68,6;1;17,0;52;1;3831,0;0,086;-9,99;12,1
13/07/2024;23:11:41.069;0018N;117,0;79,3;-10,86;0,07;47,7;172,9;1;14,9;15;1;11703,0;0,203;12,64;22,5
13/07/2024;23:11:41.053;0018O;123,0;82,9;-10,83;3,53;48,0;172,8;1;28,3;13;1;2051,0;0,215;-9,99;8,1
13/07/2024;23:11:45.893;0018Q;208,5;83,8;-9,22;1,28;67,2;149,8;1;23,6;13;1;3216,0;0,121;-9,99;11,9
13/07/2024;23:12:19.854;0018R;129,0;90,3;5,05;0,47;46,0;145,4;1;12,5;25;1;7007,0;0,139;29,57;17,7
13/07/2024;23:13:12.534;0018U;163,5;91,2;-10,07;3,25;56,7;190,5;1;26,0;35;1;4840,0;0,061;-9,99;15,4
13/07/2024;23:14:08.656;0018V;159,0;86,4;1,87;1,45;57,7;148,3;1;18,5;13;1;3223,0;0,062;-9,99;11,7
13/07/2024;23:14:48.957;0018W;286,5;89,6;42,3;2,44;73,0;17,7;1;25,2;13;1;2879,0;0,196;-9,99;10,6
13/07/2024;23:15:50.229;00191;111,0;79,8;-5,97;1,29;44,4;101,7;1;19,9;25;1;5435,0;0,147;-9,99;16,6
13/07/2024;23:18:24.458;00198;151,5;128,8;0,77;5,66;32,1;6,7;1;27,3;25;1;2180,0;0,102;-9,99;9,1
13/07/2024;23:18:33.702;00199;117,0;80,7;-27,58;0,33;46,8;186,3;1;16,2;25;1;8007,0;0,14;-9,99;19,1
13/07/2024;23:20:08.382;0019F;186,0;168,7;-27,8;7,5;25,2;74,7;1;39,6;25;1;2041,0;0,047;-9,99;9,8
13/07/2024;23:20:13.637;0019G;117,0;91,8;-19,29;1,97;38,7;7,7;1;13,7;45;1;3315,0;0,062;-9,99;13,2
13/07/2024;23:20:48.386;0019H;94,5;86,4;10,14;2,07;24,0;54,2;1;24,7;31;1;2733,0;0,31;-9,99;10,9
13/07/2024;23:20:59.437;0019J;102,0;88,1;16,09;1,63;30,5;26,2;1;18,0;15;1;3161,0;0,139;-9,99;13,4
13/07/2024;23:21:32.381;0019M;100,5;90,6;8,09;1,64;25,8;83,9;1;13,8;25;1;6022,0;0,048;-9,99;17,7
13/07/2024;23:21:39.195;0019N;220,5;83,9;-31,35;1,38;68,6;185,0;1;26,8;13;1;4091,0;0,183;-9,99;14,6
13/07/2024;23:21:53.053;0019O;199,5;98,0;-56,4;6,04;61,4;114,5;1;37,9;45;1;3228,0;0,052;-9,99;11,4
13/07/2024;23:21:53.766;0019P;201,0;91,5;20,41;3,11;63,7;118,3;1;23,2;24;1;2880,0;0,053;-9,99;11,3
13/07/2024;23:22:05.272;0019R;103,5;102,7;7,48;3,12;7,4;120,8;2;30,6;13;1;4372,0;0,08;-9,99;14,1
13/07/2024;23:22:05.272;0019R;103,5;86,0;7,48;3,12;34,1;97,5;2;26,4;15;1;4372,0;0,08;-9,99;14,1
13/07/2024;23:24:49.608;0019X;190,5;92,8;-8,82;2,1;61,6;354,7;1;24,1;54;1;3154,0;0,167;-9,99;11,4
13/07/2024;23:25:17.146;001A0;106,5;74,8;-8,4;3,31;45,8;140,9;1;18,0;35;1;2101,0;0,165;-9,99;8,7
13/07/2024;23:26:55.856;001A5;127,5;89,0;-12,9;0,36;46,1;229,3;1;17,0;25;1;8235,0;0,19;-9,99;19,6
13/07/2024;23:26:55.840;001A6;129,0;87,4;10,8;0,22;47,8;227,2;1;17,7;15;1;8031,0;0,221;-9,99;18,4
13/07/2024;23:26:55.525;001A7;91,5;88,2;4,28;2,68;15,5;268,3;2;33,0;24;1;5079,0;0,073;-9,99;15,5
13/07/2024;23:26:55.525;001A7;91,5;90,0;4,28;2,68;10,3;95,1;2;24,4;15;1;5079,0;0,073;-9,99;15,5
13/07/2024;23:26:55.840;001A9;129,0;87,4;10,8;0,22;47,8;227,2;1;17,7;15;1;8029,0;0,221;-9,99;19,5
13/07/2024;23:26:55.915;001AA;603,0;114,9;11,54;9,59;81,7;194,5;1;39,7;14;1;1535,0;0,12;-9,99;4,9
13/07/2024;23:26:55.917;001AB;126,0;83,9;11,44;5,97;48,7;227,6;1;39,0;51;1;1571,0;0,128;-9,99;6,1
13/07/2024;23:26:55.915;001AC;603,0;114,9;11,54;9,59;81,7;194,5;1;39,6;14;1;1535,0;0,12;-9,99;5,2
13/07/2024;23:27:01.688;001AD;121,5;81,0;31,75;7,13;48,6;45,2;1;27,8;35;1;1722,0;0,396;-9,99;6,9
13/07/2024;23:28:19.861;001AL;172,5;91,6;-4,13;2,63;58,6;172,6;1;27,2;35;1;5900,0;0,05;-9,99;16,7
13/07/2024;23:28:50.670;001AM;144,0;104,2;7,91;2,43;44,1;216,5;2;22,8;15;1;3175,0;0,164;-9,99;12,7
13/07/2024;23:28:50.670;001AM;144,0;79,2;7,91;2,43;57,2;99,3;2;21,7;35;1;3175,0;0,164;-9,99;12,7
13/07/2024;23:28:50.731;001AN;93,0;87,0;-9,65;4,02;20,8;183,0;1;27,4;45;1;2403,0;0,203;-9,99;10,5
13/07/2024;23:29:08.346;001AP;219,0;80,2;-13,82;3,64;69,4;224,8;1;39,8;45;1;3308,0;0,078;-9,99;14,7
13/07/2024;23:29:32.739;001AR;133,5;92,9;-3,24;7,73;46,3;137,9;1;34,2;53;1;1419,0;0,001;-9,99;4,4
13/07/2024;23:29:37.488;001AS;100,5;92,4;7,03;4,33;23,4;156,8;1;33,3;15;1;3421,0;0,078;-9,99;13,0
13/07/2024;23:30:14.590;001AT;135,0;78,5;-17,6;4,19;55,0;233,9;1;32,4;51;1;2190,0;0,105;-9,99;9,1
13/07/2024;23:30:48.400;001AX;93,0;92,4;-4,48;5,29;6,4;171,9;1;33,7;35;1;3837,0;0,057;-9,99;14,4
13/07/2024;23:31:27.282;001B0;96,0;82,2;-32,16;5,31;31,3;175,0;1;26,7;53;1;1783,0;0,206;-9,99;6,8
13/07/2024;23:31:30.518;001B1;123,0;85,4;-0,86;0,14;46,4;223,3;1;19,1;15;1;8704,0;0,271;-9,99;18,8
13/07/2024;23:31:36.904;001B4;154,5;125,3;38,79;8,76;36,2;5,3;1;26,5;25;1;2379,0;0,027;-9,99;10,5
13/07/2024;23:32:42.514;001B5;150,0;87,1;-0,26;3,7;55,0;279,2;1;17,0;53;1;2508,0;0,121;-9,99;10,0
13/07/2024;23:32:42.514;001B6;150,0;87,1;-0,26;3,7;55,0;279,2;1;17,2;35;1;2507,0;0,121;-9,99;9,9
13/07/2024;23:32:42.514;001B7;150,0;87,2;-0,25;3,65;55,0;279,2;1;16,8;35;1;2524,0;0,121;-9,99;8,6
13/07/2024;23:34:44.578;001BB;150,0;80,4;-57,53;0,44;58,1;136,2;1;14,1;15;1;6026,0;0,316;-9,99;16,7
13/07/2024;23:35:15.640;001BF;298,5;66,3;-0,19;8,17;78,5;198,6;1;33,6;14;1;1977,0;0,025;-9,99;8,5
13/07/2024;23:36:28.323;001BI;174,0;89,6;-5,01;0,12;59,7;43,2;1;7,8;15;1;13929,0;0,066;-9,99;24,3
13/07/2024;23:36:28.317;001BJ;165,0;87,8;-5,51;6,05;58,5;44,2;1;39,0;13;1;2292,0;0,067;-9,99;8,8
13/07/2024;23:36:28.323;001BK;180,0;95,9;-4,51;6,05;58,5;43,9;1;32,8;13;1;2064,0;0,07;-9,99;7,9
13/07/2024;23:36:28.323;001BL;180,0;95,9;-4,51;6,05;58,5;43,9;1;32,8;13;1;2065,0;0,07;-9,99;8,9
13/07/2024;23:36:53.744;001BM;139,5;89,1;33,71;5,94;50,8;42,5;1;26,0;41;1;1735,0;0,12;-9,99;6,8
13/07/2024;23:38:03.534;001BQ;157,5;80,4;-34,39;0,44;59,9;228,3;2;18,5;45;1;5856,0;0,216;-9,99;17,6
13/07/2024;23:38:03.534;001BQ;397,5;94,4;-34,39;0,44;78,0;8,4;2;23,6;35;1;5856,0;0,216;-9,99;17,6
13/07/2024;23:38:12.541;001BT;117,0;79,5;31,94;5,84;47,6;39,4;1;29,7;45;1;1013,0;0,136;-9,99;2,0
13/07/2024;23:39:24.520;001BX;94,5;89,6;6,48;0,14;18,7;169,2;1;16,3;25;1;20093,0;0,055;37,21;25,8
13/07/2024;23:39:24.520;001BY;100,5;69,4;7,09;9,6;46,6;281,8;1;29,2;35;1;3137,0;0,043;-9,99;11,1
13/07/2024;23:39:24.518;001BZ;91,5;63,8;6,81;7,73;46,0;281,7;1;40,0;25;1;3070,0;0,046;-9,99;10,8
13/07/2024;23:39:43.411;001C1;96,0;85,2;-12,82;2,55;27,6;178,1;1;23,4;31;1;3191,0;0,201;-9,99;11,4
13/07/2024;23:40:14.658;001C3;94,5;55,3;-17,87;12,51;54,5;280,9;2;38,2;53;1;2276,0;0,055;-9,99;10,1
13/07/2024;23:40:14.658;001C3;94,5;60,7;-17,87;12,51;50,4;80,6;2;38,2;53;1;2276,0;0,055;-9,99;10,1
13/07/2024;23:40:59.242;001C5;192,0;90,1;-9,31;1,43;62,8;113,5;1;15,3;41;1;3441,0;0,054;-9,99;13,2
13/07/2024;23:42:43.710;001CE;177,0;88,6;-16,98;0,89;60,7;246,3;1;7,8;35;1;6094,0;0,086;-9,99;17,8
13/07/2024;23:44:42.002;001CM;93,0;78,7;-10,69;5,57;32,5;201,8;1;31,2;35;1;1552,0;0,056;-9,99;5,8
13/07/2024;23:44:42.002;001CP;93,0;78,7;-10,65;5,55;32,5;201,7;1;31,1;35;1;1555,0;0,056;-9,99;6,9
13/07/2024;23:44:41.998;001CQ;87,0;73,6;-15,97;4,82;32,4;201,4;1;27,9;14;1;1681,0;0,065;-9,99;7,7
13/07/2024;23:44:42.002;001CR;93,0;78,7;-10,63;5,54;32,5;201,7;1;31,1;35;1;1559,0;0,056;-9,99;5,7
13/07/2024;23:46:00.682;001CX;183,0;75,5;-6,76;1,93;66,4;107,4;1;21,5;13;1;3442,0;0,043;-9,99;13,9
13/07/2024;23:46:28.432;001D0;97,5;87,9;-13,55;0,21;25,9;97,0;1;14,1;25;1;19157,0;0,069;33,38;26,5
13/07/2024;23:47:02.254;001D2;136,5;89,9;-18,58;2,86;49,3;12,5;1;29,7;35;1;4553,0;0,072;-9,99;14,7
13/07/2024;23:47:27.229;001D3;376,5;116,6;7,55;2,5;73,6;167,8;2;32,5;13;1;4443,0;0,062;-9,99;15,1
13/07/2024;23:47:27.229;001D3;136,5;93,3;7,55;2,5;47,3;229,3;2;23,1;15;1;4443,0;0,062;-9,99;15,1
13/07/2024;23:48:31.744;001D6;94,5;90,3;-18,5;0,02;17,2;171,4;1;16,7;25;1;33653,0;0,14;32,22;30,5
13/07/2024;23:48:31.744;001D7;103,5;98,9;-18,24;0,86;17,2;171,8;1;15,1;25;1;4913,0;0,141;-9,99;15,3
13/07/2024;23:48:47.994;001D8;99,0;91,7;-17,06;0,04;22,3;166,4;1;14,5;15;1;27797,0;0,114;22,02;28,9
13/07/2024;23:48:48.022;001D9;100,5;93,1;-17,0;0,5;22,3;166,6;1;15,2;15;1;6048,0;0,116;22,19;17,0
13/07/2024;23:48:47.994;001DA;90,0;83,6;-17,28;1,43;21,9;166,8;1;13,7;14;1;3867,0;0,12;-9,99;13,1
13/07/2024;23:48:48.024;001DB;105,0;97,4;-17,06;1,01;22,1;166,4;1;15,3;14;1;4327,0;0,12;-9,99;14,5
13/07/2024;23:48:47.990;001DC;108,0;100,2;-17,11;1,09;22,0;166,7;1;13,6;14;1;4424,0;0,12;-9,99;14,3
13/07/2024;23:48:48.011;001DD;97,5;71,2;-17,39;5,66;43,4;279,0;1;40,0;15;1;1908,0;0,137;-9,99;7,4
13/07/2024;23:48:54.363;001DF;139,5;88,7;-21,4;2,27;51,0;7,8;1;29,2;35;1;4586,0;0,093;-9,99;14,6
13/07/2024;23:49:26.851;001DH;178,5;87,5;32,93;0,26;61,4;90,0;1;16,4;32;1;6227,0;0,133;-9,99;18,3
13/07/2024;23:49:53.792;001DL;147,0;89,7;-14,02;0,41;52,9;179,2;1;14,0;52;1;11028,0;0,091;-9,99;22,3
13/07/2024;23:50:07.443;001DN;214,5;89,7;-9,41;2,16;66,1;249,3;1;10,7;25;1;4384,0;0,086;-9,99;15,1
13/07/2024;23:50:45.627;001DQ;91,5;80,2;-8,91;0,07;29,0;117,3;1;16,3;52;1;14636,0;0,276;-9,99;23,8
13/07/2024;23:50:56.667;001DR;103,5;87,0;-37,46;0,46;33,0;203,0;1;15,2;15;1;8890,0;0,09;32,98;21,2
13/07/2024;23:51:32.192;001DU;105,0;93,5;10,47;0,35;27,3;215,5;1;14,2;15;1;18297,0;0,029;42,65;26,1
13/07/2024;23:52:26.872;001DV;384,0;85,7;-12,11;6,48;78,8;171,0;1;39,5;13;1;1870,0;0,032;-9,99;8,1
13/07/2024;23:52:52.586;001DX;387,0;107,2;-24,71;0,26;75,6;173,8;2;25,1;54;1;9201,0;0,136;-9,99;21,5
13/07/2024;23:52:52.586;001DX;147,0;83,7;-24,71;0,26;55,8;232,4;2;15,6;53;1;9201,0;0,136;-9,99;21,5
13/07/2024;23:53:11.562;001DZ;372,0;73,9;-29,31;9,44;80,2;195,3;1;26,2;25;1;1691,0;0,07;-9,99;7,7
13/07/2024;23:53:46.280;001E3;109,5;85,8;44,58;8,25;38,7;6,0;1;27,8;54;1;1839,0;0,116;-9,99;7,7
13/07/2024;23:53:54.149;001E5;139,5;95,7;-8,77;0,62;47,1;222,3;1;18,0;25;1;8530,0;0,046;-9,99;20,2
13/07/2024;23:53:57.650;001E7;120,0;81,8;-40,56;1,04;47,4;135,8;1;14,4;15;1;5785,0;0,068;-9,99;17,0
13/07/2024;23:54:05.133;001E9;100,5;86,7;-16,72;3,44;30,6;183,3;1;27,9;31;1;2638,0;0,138;-9,99;9,1
13/07/2024;23:54:48.560;001EB;297,0;91,8;24,79;4,83;73,3;110,5;1;33,9;45;1;3575,0;0,042;-9,99;15,9
13/07/2024;23:55:35.835;001ED;184,5;85,3;-40,87;0,3;63,2;204,8;1;7,7;25;1;8281,0;0,217;-9,99;19,9
13/07/2024;23:55:50.942;001EE;102,0;78,7;1,0;1,21;39,8;137,8;1;16,1;31;1;4763,0;0,233;-9,99;15,0
13/07/2024;23:55:53.630;001EF;148,5;93,6;-6,31;0,73;51,5;219,4;1;19,1;25;1;7003,0;0,099;-9,99;18,2
13/07/2024;23:56:34.437;001EI;162,0;80,4;-15,29;0,65;60,9;227,8;2;21,5;45;1;4566,0;0,109;-9,99;15,8
13/07/2024;23:56:34.437;001EI;402,0;114,4;-15,29;0,65;75,2;8,4;2;22,5;35;1;4566,0;0,109;-9,99;15,8
13/07/2024;23:57:03.522;001EJ;571,5;97,6;54,07;5,17;82,7;2,6;1;32,0;23;1;1699,0;0,185;-9,99;6,5
13/07/2024;23:58:06.878;001EL;154,5;85,9;-46,07;3,18;56,8;219,2;1;37,9;45;1;3420,0;0,082;-9,99;13,1
13/07/2024;23:58:42.414;001EO;111,0;78,6;-7,12;0,59;45,3;168,4;1;17,3;15;1;6658,0;0,153;-9,99;19,2
13/07/2024;23:59:37.232;001ES;192,0;83,1;17,47;2,29;65,1;81,4;1;18,0;13;1;2731,0;0,152;-9,99;11,4
13/07/2024;23:59:39.181;001EU;91,5;87,1;5,03;1,21;17,9;159,8;1;17,6;15;1;7374,0;0,088;-9,99;18,8
13/07/2024;23:59:43.822;001EW;144,0;94,8;-38,98;0,62;49,3;179,4;1;16,2;25;1;8468,0;0,054;-9,99;19,6
